consumer_id,month,consumption_kwh
1,1,185.49
1,2,217.46
1,3,216.22
1,4,243.05
1,5,174.5
1,6,198.28
1,7,141.67
1,8,187.22
1,9,213.78
1,10,174.12
1,11,204.39
1,12,197.21
2,1,436.87
2,2,202.93
2,3,319.83
2,4,411.1
2,5,385.47
2,6,388.08
2,7,348.71
2,8,437.61
2,9,392.27
2,10,403.67
2,11,405.51
2,12,417.97
3,1,409.98
3,2,419.25
3,3,409.95
3,4,483.57
3,5,427.6
3,6,396.27
3,7,452.68
3,8,391.37
3,9,434.27
3,10,369.21
3,11,388.15
3,12,433.91
4,1,284.71
4,2,326.03
4,3,310.95
4,4,284.85
4,5,88.43
4,6,325.66
4,7,313.57
4,8,369.68
4,9,297.9
4,10,339.25
4,11,303.82
4,12,292.58
5,1,253.08
5,2,291.03
5,3,304.46
5,4,313.63
5,5,313.83
5,6,309.65
5,7,280.79
5,8,268.3
5,9,241.76
5,10,319.99
5,11,281.67
5,12,274.69
6,1,116.78
6,2,162.29
6,3,328.74
6,4,264.47
6,5,324.81
6,6,312.57
6,7,329.03
6,8,337.08
6,9,291.61
6,10,289.68
6,11,310.48
6,12,286.03
7,1,280.61
7,2,269.03
7,3,121.56
7,4,218.37
7,5,271.41
7,6,288.71
7,7,322.34
7,8,262.45
7,9,253.75
7,10,262.95
7,11,305.46
7,12,287.86
8,1,114.56
8,2,85.04
8,3,116.68
8,4,149.52
8,5,117.17
8,6,101.15
8,7,119.25
8,8,140.83
8,9,86.52
8,10,96.43
8,11,130.81
8,12,89.52
9,1,405.13
9,2,408.33
9,3,430.59
9,4,412.02
9,5,423.45
9,6,356.33
9,7,388.71
9,8,459.12
9,9,416.44
9,10,366.79
9,11,384.82
9,12,387.22
10,1,166.75
10,2,177.48
10,3,217.11
10,4,137.21
10,5,190.14
10,6,239.24
10,7,238.95
10,8,121.8
10,9,157.12
10,10,185.06
10,11,140.34
10,12,66.25
11,1,435.08
11,2,350.94
11,3,137.79
11,4,458.71
11,5,363.28
11,6,376.01
11,7,395.99
11,8,377.9
11,9,346.48
11,10,395.06
11,11,361.13
11,12,407.21
12,1,264.47
12,2,228.97
12,3,262.08
12,4,253.2
12,5,233.17
12,6,183.7
12,7,196.17
12,8,55.68
12,9,175.68
12,10,230.57
12,11,257.01
12,12,231.57
13,1,136.94
13,2,76.06
13,3,111.26
13,4,111.17
13,5,135.62
13,6,101.2
13,7,127.59
13,8,141.08
13,9,52.51
13,10,143.06
13,11,78.44
13,12,75.18
14,1,324.48
14,2,332.75
14,3,98.34
14,4,264.37
14,5,270.46
14,6,259.09
14,7,316.1
14,8,331.05
14,9,305.73
14,10,321.22
14,11,266.97
14,12,297.38
15,1,430.44
15,2,491.61
15,3,479.48
15,4,150.14
15,5,497.32
15,6,469.11
15,7,411.91
15,8,444.58
15,9,510.93
15,10,505.16
15,11,458.81
15,12,485.11
16,1,370.87
16,2,417.47
16,3,396.3
16,4,184.53
16,5,417.2
16,6,400.82
16,7,84.67
16,8,357.55
16,9,389.6
16,10,428.69
16,11,409.42
16,12,365.63
17,1,287.57
17,2,363.69
17,3,296.34
17,4,291.19
17,5,348.49
17,6,308.52
17,7,334.56
17,8,300.15
17,9,116.3
17,10,336.03
17,11,275.46
17,12,306.69
18,1,76.5
18,2,126.85
18,3,107.04
18,4,91.38
18,5,114.05
18,6,99.72
18,7,168.69
18,8,91.73
18,9,84.6
18,10,98.35
18,11,99.62
18,12,129.87
19,1,254.84
19,2,301.67
19,3,270.93
19,4,236.67
19,5,247.54
19,6,289.39
19,7,247.09
19,8,275.49
19,9,270.37
19,10,249.45
19,11,333.32
19,12,288.02
20,1,367.76
20,2,103.9
20,3,381.27
20,4,432.2
20,5,460.44
20,6,386.68
20,7,360.54
20,8,396.71
20,9,412.52
20,10,424.34
20,11,471.04
20,12,413.81
21,1,128.2
21,2,223.31
21,3,146.08
21,4,129.6
21,5,160.88
21,6,224.16
21,7,167.42
21,8,140.02
21,9,129.15
21,10,164.85
21,11,108.15
21,12,43.85
22,1,109.05
22,2,131.68
22,3,167.01
22,4,121.42
22,5,126.03
22,6,113.45
22,7,144.17
22,8,124.94
22,9,131.47
22,10,163.27
22,11,115.81
22,12,100.87
23,1,234.11
23,2,213.41
23,3,165.65
23,4,217.74
23,5,173.51
23,6,179.02
23,7,187.44
23,8,196.66
23,9,153.69
23,10,103.23
23,11,165.33
23,12,247.1
24,1,151.85
24,2,164.26
24,3,247.54
24,4,187.8
24,5,204.88
24,6,183.48
24,7,186.3
24,8,173.82
24,9,190.52
24,10,98.44
24,11,239.35
24,12,132.77
25,1,325.37
25,2,329.52
25,3,364.33
25,4,308.25
25,5,342.41
25,6,319.93
25,7,319.47
25,8,358.96
25,9,350.76
25,10,350.41
25,11,365.16
25,12,326.63
26,1,423.31
26,2,432.05
26,3,428.66
26,4,470.52
26,5,444.11
26,6,449.03
26,7,400.73
26,8,340.08
26,9,474.71
26,10,134.3
26,11,430.72
26,12,448.48
27,1,259.03
27,2,279.74
27,3,217.3
27,4,333.11
27,5,270.73
27,6,304.11
27,7,298.42
27,8,320.74
27,9,267.0
27,10,286.11
27,11,296.77
27,12,306.18
28,1,56.55
28,2,106.37
28,3,135.82
28,4,111.12
28,5,94.48
28,6,52.27
28,7,109.59
28,8,128.79
28,9,143.8
28,10,75.37
28,11,33.81
28,12,93.45
29,1,291.73
29,2,261.2
29,3,265.43
29,4,235.92
29,5,265.44
29,6,257.34
29,7,275.68
29,8,241.18
29,9,281.58
29,10,311.98
29,11,262.74
29,12,278.05
30,1,469.72
30,2,442.68
30,3,508.76
30,4,459.41
30,5,469.37
30,6,479.68
30,7,459.98
30,8,464.88
30,9,493.31
30,10,436.01
30,11,104.34
30,12,438.99
31,1,136.01
31,2,154.48
31,3,96.67
31,4,129.29
31,5,56.41
31,6,123.52
31,7,95.27
31,8,59.35
31,9,130.98
31,10,45.7
31,11,42.62
31,12,110.87
32,1,265.56
32,2,331.39
32,3,307.32
32,4,330.47
32,5,334.41
32,6,80.07
32,7,81.21
32,8,316.69
32,9,352.99
32,10,297.58
32,11,321.22
32,12,310.59
33,1,314.61
33,2,406.62
33,3,362.56
33,4,403.13
33,5,318.17
33,6,145.36
33,7,366.16
33,8,367.41
33,9,352.5
33,10,384.69
33,11,333.97
33,12,361.73
34,1,123.84
34,2,129.87
34,3,160.08
34,4,164.83
34,5,149.95
34,6,137.22
34,7,188.26
34,8,147.25
34,9,178.11
34,10,132.92
34,11,162.41
34,12,190.26
35,1,398.67
35,2,380.33
35,3,160.52
35,4,343.73
35,5,302.07
35,6,397.33
35,7,380.58
35,8,349.89
35,9,360.0
35,10,288.87
35,11,339.4
35,12,394.03
36,1,403.18
36,2,352.83
36,3,164.01
36,4,388.59
36,5,359.82
36,6,363.58
36,7,79.86
36,8,382.18
36,9,92.0
36,10,304.85
36,11,360.55
36,12,284.12
37,1,261.0
37,2,221.8
37,3,234.58
37,4,218.22
37,5,248.12
37,6,278.65
37,7,220.43
37,8,265.12
37,9,234.09
37,10,226.21
37,11,246.79
37,12,218.94
38,1,408.45
38,2,410.19
38,3,443.75
38,4,418.0
38,5,448.68
38,6,504.2
38,7,433.63
38,8,413.21
38,9,450.45
38,10,421.74
38,11,445.71
38,12,454.47
39,1,226.22
39,2,145.68
39,3,136.2
39,4,89.24
39,5,180.54
39,6,125.36
39,7,155.86
39,8,184.06
39,9,125.83
39,10,157.38
39,11,200.71
39,12,81.3
40,1,122.81
40,2,99.34
40,3,121.8
40,4,75.27
40,5,67.18
40,6,120.2
40,7,103.51
40,8,50.68
40,9,154.29
40,10,74.77
40,11,191.2
40,12,95.28
41,1,195.53
41,2,174.73
41,3,72.77
41,4,165.02
41,5,154.34
41,6,124.32
41,7,90.54
41,8,150.86
41,9,70.63
41,10,132.36
41,11,114.49
41,12,95.23
42,1,199.54
42,2,198.6
42,3,186.14
42,4,194.64
42,5,135.92
42,6,231.54
42,7,222.71
42,8,208.45
42,9,218.12
42,10,219.21
42,11,189.28
42,12,195.02
43,1,163.98
43,2,183.54
43,3,110.92
43,4,177.3
43,5,141.12
43,6,178.12
43,7,138.1
43,8,106.85
43,9,112.17
43,10,162.44
43,11,168.79
43,12,133.87
44,1,419.39
44,2,85.96
44,3,413.06
44,4,433.3
44,5,367.11
44,6,456.25
44,7,481.01
44,8,360.65
44,9,376.99
44,10,425.89
44,11,401.52
44,12,426.83
45,1,451.19
45,2,441.15
45,3,396.3
45,4,491.02
45,5,364.89
45,6,387.02
45,7,191.79
45,8,420.68
45,9,432.64
45,10,465.4
45,11,414.4
45,12,421.41
46,1,482.89
46,2,479.14
46,3,446.73
46,4,473.76
46,5,479.6
46,6,421.27
46,7,451.78
46,8,478.24
46,9,511.28
46,10,484.75
46,11,513.17
46,12,448.05
47,1,330.88
47,2,376.45
47,3,387.55
47,4,437.29
47,5,396.81
47,6,380.43
47,7,411.88
47,8,320.67
47,9,394.07
47,10,410.13
47,11,342.64
47,12,421.31
48,1,113.62
48,2,145.63
48,3,58.09
48,4,161.49
48,5,143.1
48,6,135.62
48,7,103.44
48,8,101.24
48,9,112.45
48,10,169.23
48,11,101.81
48,12,121.82
49,1,487.9
49,2,466.64
49,3,482.67
49,4,507.32
49,5,518.71
49,6,468.34
49,7,522.09
49,8,536.67
49,9,508.4
49,10,552.3
49,11,472.79
49,12,458.66
50,1,106.64
50,2,119.79
50,3,97.79
50,4,66.43
50,5,134.41
50,6,64.97
50,7,101.93
50,8,96.8
50,9,129.3
50,10,156.94
50,11,146.15
50,12,130.17
51,1,345.76
51,2,442.6
51,3,391.52
51,4,389.0
51,5,383.29
51,6,409.43
51,7,462.16
51,8,401.72
51,9,368.36
51,10,382.0
51,11,418.13
51,12,368.52
52,1,188.54
52,2,223.38
52,3,247.55
52,4,208.58
52,5,214.04
52,6,240.22
52,7,64.79
52,8,214.85
52,9,202.7
52,10,218.48
52,11,210.27
52,12,225.39
53,1,43.09
53,2,122.37
53,3,117.07
53,4,144.89
53,5,179.47
53,6,157.8
53,7,115.93
53,8,90.8
53,9,201.2
53,10,125.78
53,11,124.42
53,12,123.28
54,1,460.99
54,2,511.87
54,3,545.69
54,4,460.79
54,5,510.58
54,6,466.16
54,7,428.48
54,8,499.03
54,9,485.04
54,10,532.54
54,11,196.03
54,12,561.88
55,1,285.67
55,2,327.11
55,3,329.7
55,4,313.36
55,5,87.89
55,6,336.83
55,7,346.0
55,8,281.2
55,9,310.14
55,10,318.91
55,11,335.56
55,12,297.82
56,1,484.67
56,2,382.77
56,3,424.88
56,4,429.28
56,5,525.14
56,6,452.47
56,7,472.38
56,8,391.58
56,9,452.3
56,10,477.35
56,11,473.86
56,12,466.7
57,1,208.33
57,2,200.33
57,3,176.17
57,4,221.78
57,5,154.57
57,6,205.48
57,7,204.79
57,8,177.71
57,9,196.78
57,10,149.47
57,11,214.72
57,12,181.45
58,1,357.04
58,2,436.17
58,3,388.24
58,4,434.66
58,5,437.56
58,6,381.9
58,7,430.49
58,8,391.17
58,9,391.35
58,10,409.72
58,11,410.53
58,12,403.16
59,1,303.93
59,2,354.38
59,3,378.66
59,4,334.17
59,5,295.31
59,6,301.46
59,7,275.35
59,8,317.02
59,9,265.11
59,10,330.56
59,11,374.17
59,12,335.53
60,1,460.16
60,2,486.43
60,3,464.27
60,4,457.61
60,5,504.34
60,6,449.5
60,7,498.35
60,8,437.02
60,9,559.82
60,10,470.53
60,11,467.3
60,12,511.29
61,1,270.26
61,2,289.78
61,3,304.53
61,4,267.23
61,5,294.6
61,6,266.34
61,7,270.65
61,8,246.8
61,9,261.3
61,10,248.45
61,11,259.72
61,12,320.61
62,1,322.17
62,2,342.65
62,3,73.05
62,4,322.28
62,5,289.04
62,6,330.36
62,7,333.08
62,8,332.98
62,9,131.73
62,10,394.95
62,11,287.96
62,12,286.13
63,1,287.25
63,2,226.58
63,3,181.26
63,4,215.99
63,5,242.99
63,6,243.98
63,7,50.78
63,8,255.88
63,9,175.11
63,10,262.32
63,11,93.6
63,12,221.21
64,1,455.54
64,2,437.67
64,3,442.13
64,4,458.04
64,5,457.65
64,6,447.86
64,7,421.35
64,8,405.53
64,9,420.1
64,10,400.97
64,11,358.43
64,12,408.62
65,1,401.57
65,2,465.59
65,3,432.81
65,4,454.45
65,5,434.85
65,6,434.89
65,7,462.15
65,8,418.52
65,9,436.88
65,10,420.13
65,11,420.97
65,12,424.72
66,1,199.39
66,2,227.4
66,3,134.6
66,4,158.48
66,5,237.02
66,6,206.53
66,7,258.27
66,8,211.56
66,9,201.36
66,10,248.41
66,11,227.3
66,12,191.11
67,1,417.68
67,2,409.4
67,3,429.23
67,4,404.84
67,5,119.36
67,6,393.34
67,7,361.84
67,8,427.04
67,9,385.82
67,10,403.98
67,11,418.61
67,12,347.44
68,1,151.39
68,2,155.55
68,3,123.67
68,4,136.44
68,5,133.88
68,6,140.97
68,7,162.96
68,8,171.03
68,9,210.52
68,10,134.05
68,11,193.53
68,12,157.58
69,1,425.95
69,2,407.23
69,3,396.52
69,4,381.22
69,5,386.71
69,6,418.92
69,7,397.15
69,8,385.97
69,9,415.06
69,10,416.25
69,11,363.52
69,12,418.14
70,1,96.8
70,2,72.79
70,3,131.88
70,4,139.46
70,5,118.31
70,6,96.7
70,7,86.84
70,8,86.89
70,9,178.72
70,10,136.14
70,11,82.8
70,12,112.94
71,1,159.19
71,2,182.52
71,3,185.86
71,4,74.2
71,5,219.2
71,6,197.98
71,7,176.82
71,8,59.44
71,9,196.94
71,10,207.06
71,11,220.53
71,12,205.17
72,1,259.47
72,2,281.71
72,3,274.51
72,4,310.65
72,5,350.81
72,6,259.07
72,7,260.32
72,8,306.32
72,9,295.46
72,10,330.4
72,11,292.52
72,12,264.22
73,1,234.65
73,2,52.83
73,3,238.01
73,4,237.94
73,5,210.93
73,6,223.72
73,7,218.15
73,8,263.83
73,9,277.21
73,10,243.16
73,11,252.89
73,12,241.43
74,1,193.55
74,2,193.01
74,3,174.23
74,4,181.1
74,5,205.53
74,6,136.32
74,7,181.74
74,8,183.7
74,9,203.6
74,10,140.49
74,11,225.85
74,12,187.41
75,1,460.59
75,2,417.91
75,3,389.44
75,4,413.03
75,5,448.11
75,6,445.3
75,7,440.56
75,8,406.26
75,9,447.56
75,10,454.31
75,11,404.14
75,12,423.75
76,1,202.23
76,2,230.32
76,3,265.97
76,4,217.03
76,5,202.34
76,6,275.43
76,7,175.56
76,8,153.04
76,9,232.2
76,10,203.94
76,11,188.36
76,12,84.36
77,1,207.3
77,2,250.93
77,3,241.93
77,4,236.3
77,5,218.69
77,6,275.48
77,7,195.5
77,8,193.86
77,9,257.26
77,10,254.8
77,11,239.61
77,12,220.36
78,1,407.52
78,2,368.71
78,3,167.46
78,4,378.13
78,5,387.09
78,6,372.1
78,7,400.23
78,8,400.68
78,9,392.8
78,10,397.23
78,11,90.16
78,12,388.7
79,1,275.15
79,2,239.76
79,3,108.19
79,4,298.18
79,5,235.4
79,6,289.49
79,7,293.34
79,8,250.14
79,9,306.72
79,10,228.47
79,11,288.89
79,12,278.77
80,1,294.43
80,2,235.28
80,3,260.48
80,4,330.81
80,5,331.57
80,6,320.76
80,7,278.99
80,8,306.57
80,9,307.89
80,10,273.25
80,11,353.1
80,12,334.32
81,1,302.88
81,2,277.59
81,3,286.87
81,4,333.25
81,5,319.96
81,6,271.64
81,7,72.92
81,8,304.98
81,9,352.05
81,10,342.49
81,11,254.99
81,12,326.83
82,1,314.8
82,2,106.63
82,3,285.62
82,4,335.67
82,5,306.44
82,6,331.5
82,7,297.06
82,8,342.52
82,9,315.04
82,10,368.48
82,11,132.51
82,12,309.14
83,1,91.46
83,2,96.48
83,3,101.39
83,4,123.72
83,5,126.69
83,6,93.79
83,7,110.27
83,8,37.35
83,9,162.83
83,10,124.09
83,11,112.14
83,12,114.6
84,1,259.91
84,2,286.77
84,3,260.66
84,4,289.89
84,5,83.49
84,6,311.55
84,7,298.25
84,8,316.08
84,9,312.51
84,10,331.94
84,11,327.21
84,12,324.04
85,1,279.57
85,2,339.39
85,3,238.72
85,4,253.3
85,5,298.06
85,6,204.69
85,7,290.51
85,8,264.18
85,9,224.35
85,10,210.11
85,11,230.83
85,12,182.46
86,1,101.23
86,2,131.87
86,3,134.82
86,4,127.82
86,5,103.49
86,6,99.85
86,7,119.23
86,8,155.18
86,9,136.31
86,10,108.88
86,11,143.15
86,12,34.54
87,1,148.33
87,2,192.58
87,3,194.23
87,4,180.39
87,5,207.22
87,6,145.63
87,7,216.23
87,8,161.76
87,9,136.32
87,10,174.83
87,11,120.15
87,12,190.63
88,1,444.1
88,2,152.61
88,3,466.63
88,4,452.45
88,5,426.74
88,6,409.86
88,7,491.14
88,8,400.83
88,9,464.11
88,10,384.38
88,11,470.22
88,12,478.11
89,1,441.91
89,2,418.16
89,3,403.23
89,4,405.11
89,5,408.85
89,6,409.88
89,7,209.88
89,8,412.56
89,9,432.98
89,10,408.58
89,11,413.36
89,12,351.05
90,1,278.57
90,2,353.48
90,3,364.15
90,4,298.61
90,5,307.03
90,6,317.0
90,7,309.44
90,8,254.77
90,9,317.84
90,10,242.36
90,11,283.02
90,12,320.16
91,1,448.3
91,2,420.48
91,3,472.19
91,4,435.08
91,5,456.42
91,6,412.49
91,7,439.07
91,8,500.1
91,9,468.89
91,10,449.23
91,11,173.75
91,12,442.02
92,1,182.06
92,2,431.23
92,3,442.18
92,4,185.4
92,5,371.47
92,6,455.3
92,7,437.27
92,8,393.65
92,9,451.07
92,10,415.05
92,11,419.14
92,12,411.77
93,1,459.7
93,2,443.83
93,3,419.65
93,4,446.03
93,5,446.7
93,6,411.26
93,7,378.93
93,8,396.03
93,9,382.78
93,10,457.93
93,11,463.14
93,12,470.59
94,1,215.45
94,2,288.58
94,3,195.42
94,4,232.89
94,5,70.58
94,6,223.97
94,7,247.09
94,8,221.0
94,9,274.69
94,10,288.02
94,11,174.53
94,12,221.51
95,1,332.08
95,2,386.13
95,3,308.51
95,4,365.01
95,5,429.73
95,6,390.75
95,7,177.5
95,8,435.62
95,9,372.88
95,10,418.85
95,11,384.88
95,12,392.4
96,1,127.38
96,2,141.58
96,3,99.21
96,4,147.05
96,5,120.34
96,6,116.89
96,7,155.4
96,8,191.76
96,9,177.55
96,10,102.88
96,11,120.31
96,12,178.22
97,1,233.74
97,2,270.43
97,3,214.79
97,4,246.41
97,5,259.47
97,6,58.47
97,7,206.32
97,8,96.39
97,9,217.15
97,10,265.57
97,11,200.95
97,12,233.05
98,1,276.18
98,2,251.52
98,3,231.48
98,4,252.04
98,5,254.99
98,6,201.11
98,7,274.48
98,8,230.97
98,9,231.74
98,10,262.54
98,11,262.41
98,12,218.98
99,1,169.78
99,2,162.73
99,3,179.87
99,4,166.09
99,5,131.97
99,6,161.97
99,7,114.74
99,8,141.49
99,9,164.08
99,10,138.18
99,11,223.04
99,12,92.23
100,1,56.03
100,2,244.59
100,3,277.92
100,4,315.32
100,5,232.28
100,6,207.91
100,7,246.35
100,8,326.39
100,9,224.89
100,10,76.58
100,11,299.33
100,12,232.39
101,1,351.7
101,2,376.12
101,3,360.44
101,4,331.8
101,5,317.54
101,6,366.04
101,7,373.92
101,8,391.47
101,9,289.38
101,10,121.83
101,11,374.86
101,12,293.45
102,1,345.23
102,2,369.0
102,3,349.35
102,4,389.04
102,5,398.93
102,6,165.08
102,7,381.88
102,8,431.54
102,9,332.82
102,10,331.0
102,11,388.85
102,12,426.4
103,1,175.29
103,2,434.13
103,3,428.25
103,4,457.84
103,5,456.31
103,6,464.34
103,7,432.72
103,8,468.68
103,9,406.32
103,10,398.34
103,11,382.93
103,12,438.02
104,1,345.23
104,2,368.51
104,3,414.39
104,4,382.25
104,5,447.58
104,6,389.8
104,7,383.76
104,8,96.45
104,9,382.01
104,10,373.43
104,11,399.24
104,12,406.7
105,1,232.28
105,2,228.77
105,3,206.3
105,4,91.11
105,5,204.39
105,6,72.84
105,7,280.3
105,8,242.17
105,9,246.8
105,10,47.65
105,11,251.96
105,12,283.06
106,1,403.45
106,2,428.92
106,3,401.84
106,4,449.99
106,5,432.05
106,6,432.99
106,7,399.79
106,8,407.91
106,9,379.36
106,10,404.41
106,11,383.9
106,12,454.39
107,1,396.37
107,2,378.61
107,3,353.33
107,4,453.88
107,5,402.37
107,6,327.07
107,7,359.51
107,8,402.95
107,9,351.01
107,10,385.55
107,11,403.52
107,12,273.35
108,1,179.7
108,2,193.89
108,3,175.89
108,4,192.6
108,5,79.19
108,6,118.74
108,7,149.82
108,8,173.68
108,9,141.71
108,10,196.0
108,11,223.92
108,12,214.56
109,1,365.34
109,2,384.12
109,3,151.66
109,4,373.67
109,5,374.98
109,6,364.8
109,7,395.07
109,8,367.16
109,9,386.47
109,10,364.14
109,11,339.97
109,12,413.37
110,1,435.52
110,2,419.76
110,3,433.31
110,4,427.21
110,5,458.44
110,6,375.22
110,7,418.41
110,8,341.79
110,9,367.49
110,10,404.75
110,11,419.55
110,12,403.95
111,1,264.7
111,2,204.27
111,3,265.61
111,4,293.75
111,5,237.63
111,6,287.5
111,7,281.54
111,8,299.38
111,9,285.59
111,10,252.81
111,11,317.9
111,12,277.24
112,1,270.31
112,2,298.61
112,3,314.75
112,4,297.99
112,5,312.36
112,6,291.63
112,7,296.84
112,8,68.67
112,9,295.95
112,10,287.0
112,11,291.76
112,12,277.0
113,1,395.72
113,2,312.83
113,3,353.26
113,4,339.98
113,5,370.05
113,6,377.85
113,7,331.96
113,8,308.4
113,9,344.8
113,10,310.67
113,11,391.4
113,12,335.1
114,1,464.79
114,2,449.26
114,3,358.98
114,4,437.57
114,5,439.07
114,6,431.45
114,7,413.67
114,8,467.84
114,9,469.32
114,10,365.91
114,11,408.06
114,12,427.66
115,1,485.21
115,2,138.58
115,3,429.42
115,4,451.93
115,5,475.44
115,6,439.23
115,7,486.25
115,8,503.74
115,9,449.5
115,10,468.16
115,11,510.67
115,12,520.98
116,1,520.91
116,2,462.64
116,3,456.9
116,4,422.75
116,5,442.84
116,6,426.63
116,7,385.03
116,8,479.23
116,9,434.66
116,10,427.19
116,11,456.32
116,12,465.37
117,1,236.63
117,2,307.06
117,3,262.5
117,4,289.48
117,5,336.87
117,6,293.66
117,7,136.18
117,8,320.97
117,9,306.74
117,10,249.02
117,11,64.6
117,12,221.48
118,1,365.17
118,2,365.42
118,3,392.38
118,4,385.34
118,5,368.91
118,6,323.24
118,7,382.83
118,8,389.71
118,9,437.01
118,10,400.26
118,11,311.02
118,12,370.35
119,1,148.06
119,2,124.15
119,3,82.21
119,4,111.01
119,5,157.8
119,6,125.41
119,7,134.17
119,8,128.25
119,9,92.33
119,10,99.37
119,11,46.75
119,12,142.51
120,1,131.78
120,2,126.52
120,3,155.34
120,4,137.36
120,5,129.6
120,6,42.6
120,7,144.91
120,8,111.49
120,9,118.37
120,10,118.58
120,11,132.21
120,12,142.67
121,1,485.37
121,2,474.39
121,3,474.48
121,4,436.18
121,5,516.67
121,6,509.16
121,7,448.03
121,8,542.72
121,9,549.43
121,10,476.47
121,11,534.0
121,12,481.81
122,1,148.41
122,2,111.32
122,3,172.76
122,4,121.43
122,5,112.41
122,6,109.5
122,7,111.67
122,8,122.32
122,9,194.37
122,10,108.83
122,11,24.49
122,12,120.97
123,1,374.23
123,2,415.58
123,3,436.03
123,4,429.45
123,5,406.45
123,6,443.2
123,7,376.86
123,8,394.91
123,9,377.67
123,10,427.47
123,11,386.52
123,12,398.86
124,1,373.19
124,2,79.74
124,3,323.63
124,4,333.8
124,5,348.1
124,6,418.13
124,7,366.35
124,8,98.26
124,9,359.11
124,10,308.7
124,11,371.54
124,12,400.27
125,1,221.23
125,2,163.95
125,3,226.7
125,4,212.57
125,5,203.02
125,6,169.16
125,7,232.41
125,8,201.02
125,9,84.05
125,10,130.83
125,11,216.17
125,12,270.17
126,1,219.77
126,2,198.02
126,3,226.39
126,4,252.39
126,5,199.38
126,6,199.39
126,7,195.92
126,8,169.9
126,9,213.59
126,10,249.42
126,11,233.22
126,12,222.92
127,1,209.05
127,2,54.56
127,3,153.12
127,4,175.2
127,5,213.41
127,6,208.62
127,7,227.07
127,8,208.9
127,9,202.71
127,10,187.88
127,11,232.54
127,12,178.42
128,1,387.87
128,2,431.32
128,3,374.91
128,4,380.8
128,5,394.78
128,6,461.88
128,7,420.92
128,8,395.29
128,9,424.23
128,10,414.05
128,11,398.24
128,12,371.1
129,1,147.29
129,2,130.99
129,3,117.17
129,4,144.58
129,5,109.84
129,6,54.36
129,7,155.1
129,8,169.12
129,9,71.11
129,10,111.71
129,11,160.57
129,12,203.72
130,1,433.93
130,2,449.71
130,3,445.17
130,4,442.35
130,5,442.59
130,6,486.72
130,7,468.27
130,8,432.12
130,9,490.48
130,10,451.24
130,11,453.73
130,12,417.88
131,1,204.19
131,2,230.34
131,3,224.52
131,4,214.04
131,5,88.19
131,6,192.92
131,7,217.5
131,8,241.44
131,9,185.8
131,10,214.84
131,11,246.15
131,12,230.16
132,1,273.19
132,2,250.68
132,3,261.18
132,4,261.63
132,5,269.27
132,6,255.12
132,7,252.66
132,8,305.03
132,9,308.49
132,10,235.58
132,11,194.21
132,12,308.9
133,1,378.4
133,2,333.44
133,3,390.67
133,4,358.84
133,5,367.82
133,6,328.5
133,7,354.21
133,8,369.69
133,9,407.68
133,10,343.16
133,11,117.52
133,12,395.33
134,1,465.73
134,2,507.37
134,3,462.61
134,4,478.57
134,5,433.13
134,6,477.85
134,7,459.39
134,8,494.57
134,9,500.62
134,10,542.69
134,11,482.39
134,12,474.77
135,1,489.8
135,2,478.75
135,3,443.24
135,4,450.73
135,5,489.3
135,6,502.96
135,7,447.71
135,8,455.81
135,9,221.15
135,10,484.38
135,11,432.28
135,12,485.85
136,1,238.04
136,2,242.68
136,3,235.12
136,4,194.11
136,5,277.91
136,6,292.71
136,7,209.45
136,8,292.32
136,9,251.91
136,10,291.75
136,11,256.14
136,12,259.07
137,1,296.33
137,2,319.92
137,3,283.31
137,4,326.11
137,5,337.04
137,6,299.66
137,7,293.15
137,8,274.63
137,9,354.74
137,10,295.53
137,11,305.04
137,12,320.0
138,1,511.04
138,2,525.29
138,3,504.29
138,4,484.76
138,5,512.18
138,6,549.0
138,7,488.02
138,8,462.76
138,9,525.21
138,10,488.39
138,11,426.82
138,12,517.42
139,1,126.07
139,2,171.35
139,3,127.52
139,4,119.91
139,5,140.65
139,6,108.11
139,7,154.3
139,8,143.86
139,9,130.17
139,10,133.63
139,11,190.25
139,12,157.27
140,1,239.78
140,2,208.41
140,3,230.19
140,4,200.63
140,5,192.68
140,6,222.76
140,7,163.44
140,8,211.11
140,9,171.81
140,10,60.2
140,11,251.5
140,12,194.08
141,1,284.29
141,2,318.83
141,3,311.77
141,4,362.59
141,5,279.86
141,6,318.85
141,7,246.22
141,8,280.12
141,9,305.6
141,10,336.79
141,11,258.22
141,12,318.58
142,1,428.18
142,2,463.15
142,3,485.26
142,4,471.03
142,5,461.69
142,6,486.03
142,7,374.9
142,8,476.34
142,9,436.38
142,10,401.08
142,11,471.34
142,12,497.21
143,1,114.53
143,2,114.35
143,3,122.67
143,4,144.04
143,5,142.4
143,6,160.99
143,7,100.66
143,8,136.66
143,9,146.82
143,10,104.77
143,11,118.77
143,12,72.5
144,1,528.73
144,2,463.21
144,3,456.83
144,4,454.47
144,5,446.81
144,6,393.77
144,7,453.39
144,8,397.96
144,9,473.56
144,10,113.52
144,11,433.17
144,12,439.92
145,1,126.73
145,2,243.63
145,3,225.45
145,4,114.61
145,5,168.47
145,6,196.77
145,7,225.23
145,8,199.71
145,9,222.58
145,10,265.61
145,11,243.96
145,12,279.92
146,1,190.28
146,2,158.64
146,3,215.04
146,4,156.18
146,5,136.75
146,6,112.59
146,7,103.91
146,8,110.48
146,9,166.01
146,10,173.26
146,11,110.56
146,12,184.85
147,1,420.64
147,2,412.59
147,3,388.69
147,4,417.27
147,5,432.29
147,6,417.77
147,7,131.96
147,8,408.02
147,9,433.96
147,10,465.97
147,11,393.84
147,12,425.74
148,1,357.36
148,2,336.95
148,3,378.79
148,4,376.71
148,5,377.29
148,6,289.98
148,7,348.2
148,8,364.77
148,9,353.45
148,10,361.1
148,11,96.26
148,12,319.66
149,1,411.76
149,2,422.53
149,3,321.43
149,4,441.74
149,5,389.42
149,6,371.94
149,7,389.76
149,8,350.45
149,9,426.44
149,10,384.94
149,11,372.84
149,12,389.96
150,1,202.02
150,2,151.88
150,3,213.77
150,4,164.5
150,5,180.66
150,6,179.81
150,7,60.5
150,8,196.32
150,9,40.37
150,10,119.54
150,11,211.13
150,12,122.13
151,1,216.31
151,2,127.25
151,3,160.99
151,4,200.33
151,5,186.87
151,6,202.88
151,7,205.83
151,8,135.52
151,9,237.21
151,10,184.05
151,11,173.03
151,12,205.25
152,1,114.13
152,2,201.17
152,3,95.71
152,4,149.14
152,5,161.62
152,6,128.6
152,7,163.16
152,8,148.73
152,9,159.94
152,10,175.28
152,11,130.06
152,12,152.15
153,1,379.85
153,2,391.69
153,3,372.12
153,4,403.92
153,5,392.59
153,6,437.13
153,7,390.76
153,8,336.4
153,9,408.77
153,10,404.57
153,11,379.14
153,12,407.85
154,1,154.78
154,2,171.43
154,3,110.87
154,4,124.2
154,5,122.18
154,6,162.29
154,7,209.98
154,8,224.94
154,9,177.14
154,10,173.03
154,11,103.97
154,12,141.72
155,1,170.16
155,2,182.05
155,3,209.83
155,4,222.82
155,5,236.84
155,6,35.82
155,7,202.84
155,8,174.76
155,9,56.38
155,10,278.02
155,11,216.76
155,12,234.98
156,1,342.31
156,2,391.2
156,3,327.18
156,4,361.65
156,5,361.65
156,6,370.82
156,7,397.93
156,8,394.86
156,9,330.16
156,10,285.06
156,11,327.64
156,12,350.27
157,1,301.65
157,2,271.91
157,3,294.31
157,4,282.12
157,5,316.78
157,6,281.46
157,7,229.81
157,8,320.86
157,9,255.83
157,10,263.39
157,11,265.13
157,12,324.23
158,1,295.35
158,2,322.23
158,3,318.09
158,4,311.21
158,5,236.01
158,6,250.63
158,7,347.53
158,8,352.86
158,9,298.8
158,10,343.71
158,11,271.3
158,12,278.17
159,1,157.94
159,2,192.11
159,3,232.0
159,4,167.77
159,5,62.86
159,6,154.76
159,7,190.56
159,8,195.03
159,9,149.7
159,10,139.59
159,11,196.36
159,12,146.05
160,1,52.26
160,2,302.78
160,3,247.29
160,4,240.31
160,5,232.59
160,6,256.68
160,7,265.0
160,8,265.58
160,9,261.48
160,10,271.13
160,11,244.32
160,12,224.82
161,1,384.11
161,2,366.65
161,3,368.74
161,4,384.66
161,5,365.23
161,6,379.76
161,7,332.19
161,8,395.4
161,9,389.04
161,10,364.49
161,11,408.78
161,12,417.13
162,1,300.42
162,2,264.33
162,3,253.95
162,4,306.09
162,5,278.63
162,6,317.83
162,7,263.33
162,8,272.88
162,9,321.51
162,10,295.4
162,11,242.68
162,12,294.73
163,1,318.41
163,2,404.09
163,3,342.36
163,4,378.05
163,5,368.24
163,6,398.11
163,7,433.62
163,8,329.29
163,9,348.53
163,10,373.67
163,11,334.84
163,12,391.47
164,1,479.29
164,2,480.16
164,3,496.81
164,4,233.75
164,5,476.77
164,6,449.73
164,7,464.23
164,8,411.93
164,9,444.16
164,10,452.72
164,11,449.28
164,12,469.57
165,1,276.89
165,2,296.59
165,3,319.81
165,4,284.53
165,5,323.82
165,6,350.88
165,7,308.69
165,8,330.05
165,9,240.8
165,10,290.13
165,11,308.55
165,12,271.41
166,1,291.82
166,2,114.58
166,3,256.21
166,4,289.35
166,5,254.21
166,6,283.68
166,7,259.03
166,8,320.45
166,9,308.06
166,10,221.16
166,11,276.67
166,12,64.65
167,1,94.6
167,2,87.09
167,3,123.47
167,4,87.88
167,5,179.23
167,6,99.69
167,7,39.24
167,8,111.09
167,9,109.81
167,10,145.35
167,11,120.64
167,12,86.98
168,1,310.76
168,2,321.57
168,3,312.4
168,4,101.88
168,5,150.09
168,6,335.01
168,7,344.67
168,8,291.84
168,9,357.17
168,10,323.73
168,11,346.11
168,12,293.84
169,1,269.05
169,2,258.98
169,3,276.15
169,4,261.8
169,5,346.02
169,6,242.23
169,7,302.06
169,8,287.52
169,9,278.9
169,10,316.4
169,11,280.95
169,12,252.95
170,1,66.24
170,2,77.99
170,3,105.46
170,4,32.84
170,5,135.37
170,6,39.7
170,7,44.52
170,8,112.45
170,9,128.14
170,10,110.75
170,11,172.54
170,12,118.49
171,1,388.11
171,2,429.14
171,3,425.74
171,4,428.92
171,5,445.95
171,6,471.94
171,7,433.25
171,8,418.25
171,9,405.2
171,10,186.32
171,11,382.37
171,12,417.25
172,1,255.06
172,2,298.47
172,3,214.83
172,4,91.31
172,5,256.94
172,6,253.53
172,7,257.2
172,8,259.32
172,9,245.3
172,10,296.7
172,11,203.97
172,12,227.15
173,1,303.36
173,2,298.5
173,3,275.4
173,4,366.22
173,5,299.18
173,6,280.72
173,7,298.55
173,8,81.21
173,9,299.63
173,10,246.19
173,11,332.76
173,12,334.46
174,1,380.83
174,2,367.5
174,3,367.14
174,4,369.07
174,5,397.16
174,6,357.17
174,7,398.8
174,8,429.39
174,9,396.77
174,10,375.91
174,11,348.06
174,12,434.34
175,1,439.16
175,2,412.9
175,3,412.11
175,4,364.93
175,5,429.9
175,6,438.6
175,7,387.33
175,8,415.33
175,9,421.14
175,10,132.51
175,11,420.11
175,12,371.21
176,1,379.23
176,2,388.35
176,3,336.77
176,4,381.75
176,5,444.67
176,6,329.3
176,7,374.27
176,8,409.7
176,9,385.05
176,10,396.64
176,11,304.73
176,12,393.95
177,1,177.58
177,2,144.43
177,3,36.8
177,4,167.53
177,5,169.93
177,6,187.71
177,7,162.47
177,8,124.33
177,9,144.33
177,10,208.51
177,11,143.9
177,12,216.5
178,1,432.45
178,2,397.7
178,3,406.16
178,4,459.93
178,5,476.77
178,6,470.26
178,7,441.96
178,8,398.91
178,9,434.81
178,10,481.87
178,11,453.55
178,12,428.78
179,1,316.49
179,2,372.14
179,3,380.47
179,4,340.44
179,5,339.9
179,6,361.98
179,7,340.9
179,8,352.02
179,9,416.99
179,10,346.59
179,11,343.25
179,12,334.57
180,1,451.88
180,2,303.1
180,3,414.7
180,4,337.78
180,5,344.46
180,6,326.83
180,7,370.49
180,8,303.81
180,9,291.79
180,10,395.31
180,11,322.88
180,12,369.38
181,1,298.42
181,2,286.32
181,3,245.79
181,4,351.5
181,5,308.48
181,6,371.03
181,7,267.85
181,8,320.74
181,9,315.38
181,10,283.28
181,11,334.33
181,12,279.84
182,1,464.38
182,2,490.49
182,3,441.31
182,4,437.22
182,5,483.38
182,6,412.25
182,7,463.77
182,8,451.5
182,9,418.83
182,10,433.06
182,11,457.73
182,12,492.02
183,1,479.1
183,2,478.13
183,3,503.07
183,4,433.87
183,5,486.41
183,6,501.78
183,7,412.64
183,8,475.59
183,9,450.87
183,10,463.55
183,11,476.43
183,12,451.38
184,1,392.51
184,2,416.02
184,3,453.01
184,4,386.67
184,5,394.54
184,6,394.36
184,7,411.16
184,8,405.4
184,9,394.19
184,10,383.03
184,11,436.36
184,12,452.13
185,1,260.45
185,2,302.01
185,3,236.13
185,4,232.05
185,5,293.91
185,6,121.42
185,7,254.19
185,8,233.94
185,9,311.79
185,10,216.4
185,11,250.05
185,12,274.86
186,1,390.0
186,2,333.52
186,3,409.26
186,4,344.14
186,5,318.78
186,6,377.19
186,7,390.34
186,8,400.74
186,9,391.16
186,10,354.22
186,11,407.39
186,12,414.8
187,1,168.2
187,2,144.5
187,3,56.3
187,4,176.63
187,5,140.38
187,6,203.86
187,7,50.68
187,8,164.93
187,9,169.98
187,10,162.65
187,11,175.17
187,12,131.48
188,1,133.03
188,2,135.33
188,3,203.75
188,4,200.13
188,5,191.01
188,6,174.64
188,7,100.26
188,8,169.75
188,9,185.63
188,10,155.96
188,11,150.63
188,12,215.33
189,1,426.03
189,2,447.0
189,3,452.58
189,4,475.44
189,5,439.62
189,6,525.7
189,7,447.19
189,8,493.27
189,9,368.01
189,10,478.49
189,11,432.58
189,12,379.55
190,1,117.61
190,2,118.9
190,3,143.62
190,4,156.81
190,5,141.02
190,6,95.17
190,7,88.54
190,8,112.08
190,9,124.78
190,10,39.93
190,11,71.64
190,12,132.46
191,1,429.09
191,2,407.81
191,3,396.93
191,4,393.95
191,5,116.85
191,6,381.55
191,7,463.53
191,8,400.95
191,9,406.44
191,10,422.45
191,11,405.89
191,12,454.96
192,1,504.13
192,2,432.17
192,3,471.94
192,4,465.78
192,5,488.03
192,6,492.65
192,7,474.92
192,8,456.19
192,9,481.2
192,10,507.07
192,11,466.18
192,12,458.98
193,1,294.09
193,2,273.27
193,3,327.71
193,4,81.47
193,5,245.61
193,6,273.11
193,7,62.22
193,8,281.5
193,9,298.5
193,10,257.51
193,11,273.34
193,12,270.88
194,1,148.48
194,2,186.07
194,3,137.42
194,4,183.35
194,5,225.97
194,6,154.16
194,7,146.42
194,8,170.26
194,9,234.37
194,10,196.13
194,11,145.85
194,12,216.65
195,1,417.7
195,2,412.41
195,3,334.75
195,4,409.78
195,5,401.67
195,6,335.9
195,7,375.55
195,8,135.21
195,9,431.93
195,10,403.74
195,11,356.06
195,12,432.86
196,1,486.64
196,2,463.11
196,3,489.04
196,4,470.01
196,5,489.67
196,6,441.16
196,7,154.63
196,8,488.93
196,9,179.86
196,10,434.47
196,11,518.99
196,12,467.59
197,1,283.76
197,2,265.91
197,3,273.06
197,4,301.78
197,5,263.9
197,6,228.8
197,7,329.49
197,8,318.44
197,9,238.23
197,10,297.69
197,11,261.91
197,12,284.9
198,1,438.81
198,2,411.68
198,3,481.81
198,4,427.51
198,5,416.44
198,6,205.11
198,7,491.05
198,8,458.0
198,9,463.98
198,10,395.78
198,11,495.5
198,12,447.22
199,1,528.51
199,2,506.44
199,3,490.63
199,4,537.36
199,5,480.45
199,6,140.57
199,7,490.61
199,8,508.99
199,9,434.47
199,10,494.55
199,11,510.31
199,12,477.91
200,1,265.98
200,2,228.89
200,3,267.64
200,4,249.08
200,5,333.81
200,6,234.41
200,7,247.49
200,8,221.62
200,9,236.08
200,10,154.94
200,11,249.97
200,12,276.29
201,1,304.76
201,2,246.41
201,3,303.58
201,4,283.31
201,5,289.21
201,6,347.31
201,7,266.3
201,8,328.4
201,9,295.63
201,10,295.61
201,11,327.71
201,12,314.2
202,1,201.73
202,2,246.04
202,3,204.88
202,4,231.39
202,5,159.31
202,6,218.6
202,7,199.86
202,8,212.67
202,9,211.32
202,10,211.77
202,11,226.47
202,12,191.04
203,1,453.63
203,2,447.1
203,3,509.23
203,4,488.27
203,5,519.95
203,6,423.79
203,7,445.98
203,8,488.43
203,9,500.53
203,10,513.41
203,11,493.24
203,12,492.94
204,1,342.35
204,2,380.03
204,3,388.99
204,4,456.33
204,5,329.17
204,6,399.5
204,7,430.59
204,8,424.32
204,9,455.85
204,10,416.83
204,11,423.23
204,12,356.84
205,1,355.17
205,2,290.59
205,3,341.57
205,4,363.02
205,5,300.35
205,6,297.87
205,7,281.05
205,8,292.71
205,9,283.54
205,10,281.03
205,11,163.09
205,12,284.3
206,1,281.64
206,2,313.65
206,3,203.42
206,4,194.6
206,5,307.13
206,6,262.69
206,7,224.95
206,8,267.04
206,9,171.93
206,10,251.1
206,11,260.83
206,12,278.73
207,1,345.56
207,2,310.49
207,3,327.93
207,4,314.32
207,5,351.0
207,6,313.82
207,7,323.81
207,8,299.47
207,9,334.04
207,10,343.3
207,11,257.46
207,12,345.79
208,1,370.83
208,2,349.61
208,3,312.8
208,4,391.28
208,5,332.12
208,6,350.92
208,7,359.06
208,8,350.72
208,9,367.46
208,10,372.2
208,11,333.25
208,12,388.76
209,1,183.41
209,2,221.71
209,3,217.89
209,4,166.23
209,5,145.42
209,6,178.91
209,7,161.0
209,8,183.09
209,9,222.12
209,10,171.28
209,11,183.72
209,12,186.74
210,1,322.2
210,2,305.35
210,3,340.16
210,4,300.54
210,5,327.64
210,6,358.4
210,7,321.9
210,8,333.68
210,9,331.78
210,10,323.24
210,11,320.99
210,12,305.86
211,1,64.37
211,2,57.87
211,3,96.4
211,4,83.47
211,5,154.85
211,6,93.51
211,7,140.68
211,8,131.04
211,9,95.73
211,10,165.3
211,11,110.06
211,12,65.1
212,1,278.06
212,2,168.72
212,3,170.04
212,4,244.14
212,5,268.79
212,6,258.2
212,7,210.97
212,8,280.19
212,9,198.06
212,10,92.1
212,11,202.02
212,12,224.45
213,1,515.24
213,2,542.25
213,3,522.52
213,4,508.32
213,5,554.94
213,6,532.3
213,7,496.23
213,8,462.49
213,9,469.37
213,10,527.0
213,11,480.09
213,12,468.76
214,1,170.02
214,2,147.56
214,3,150.97
214,4,158.67
214,5,150.38
214,6,187.27
214,7,107.79
214,8,146.21
214,9,84.45
214,10,76.79
214,11,136.55
214,12,155.3
215,1,128.24
215,2,187.71
215,3,166.16
215,4,177.6
215,5,125.73
215,6,134.15
215,7,178.92
215,8,132.55
215,9,174.9
215,10,119.99
215,11,186.45
215,12,124.02
216,1,327.38
216,2,328.79
216,3,277.52
216,4,349.04
216,5,292.2
216,6,304.01
216,7,296.02
216,8,320.75
216,9,289.86
216,10,308.01
216,11,268.94
216,12,340.94
217,1,65.58
217,2,112.06
217,3,141.82
217,4,203.99
217,5,134.92
217,6,163.26
217,7,177.32
217,8,172.7
217,9,228.48
217,10,119.71
217,11,122.71
217,12,120.21
218,1,388.82
218,2,385.97
218,3,400.02
218,4,432.94
218,5,422.45
218,6,350.63
218,7,408.66
218,8,429.87
218,9,401.6
218,10,422.73
218,11,450.37
218,12,420.71
219,1,390.43
219,2,395.75
219,3,445.81
219,4,421.92
219,5,466.53
219,6,475.09
219,7,447.01
219,8,407.84
219,9,471.64
219,10,445.97
219,11,395.39
219,12,398.04
220,1,32.46
220,2,46.06
220,3,160.55
220,4,143.48
220,5,147.75
220,6,174.92
220,7,125.02
220,8,107.41
220,9,162.69
220,10,69.71
220,11,143.75
220,12,122.19
221,1,360.42
221,2,380.6
221,3,381.33
221,4,377.62
221,5,378.85
221,6,353.54
221,7,398.51
221,8,393.98
221,9,335.92
221,10,364.33
221,11,378.79
221,12,359.97
222,1,144.17
222,2,318.27
222,3,354.62
222,4,333.62
222,5,320.45
222,6,321.9
222,7,309.31
222,8,324.74
222,9,71.99
222,10,299.1
222,11,315.24
222,12,273.47
223,1,309.58
223,2,335.57
223,3,316.42
223,4,336.47
223,5,377.84
223,6,351.68
223,7,335.2
223,8,92.15
223,9,353.3
223,10,296.66
223,11,330.25
223,12,159.42
224,1,307.61
224,2,382.76
224,3,345.43
224,4,343.8
224,5,330.38
224,6,328.46
224,7,358.65
224,8,307.36
224,9,386.76
224,10,380.23
224,11,327.38
224,12,312.08
225,1,401.82
225,2,385.6
225,3,402.7
225,4,361.54
225,5,393.27
225,6,399.45
225,7,400.31
225,8,400.76
225,9,406.15
225,10,422.38
225,11,434.24
225,12,388.51
226,1,171.3
226,2,226.56
226,3,166.55
226,4,170.0
226,5,234.53
226,6,254.02
226,7,206.72
226,8,172.48
226,9,187.83
226,10,239.24
226,11,212.49
226,12,205.97
227,1,107.43
227,2,152.19
227,3,128.42
227,4,94.34
227,5,180.26
227,6,213.23
227,7,197.88
227,8,184.45
227,9,151.58
227,10,188.18
227,11,200.72
227,12,168.1
228,1,436.5
228,2,425.44
228,3,499.18
228,4,424.21
228,5,491.28
228,6,453.61
228,7,411.96
228,8,125.9
228,9,426.87
228,10,443.26
228,11,414.58
228,12,486.71
229,1,315.7
229,2,314.0
229,3,380.12
229,4,371.78
229,5,389.56
229,6,318.23
229,7,331.87
229,8,277.5
229,9,367.31
229,10,287.97
229,11,329.5
229,12,290.08
230,1,325.98
230,2,312.41
230,3,241.78
230,4,311.37
230,5,325.4
230,6,343.86
230,7,365.83
230,8,380.05
230,9,356.39
230,10,302.14
230,11,309.86
230,12,341.17
231,1,426.05
231,2,428.05
231,3,429.6
231,4,384.66
231,5,393.53
231,6,393.7
231,7,403.18
231,8,430.17
231,9,422.89
231,10,425.26
231,11,454.62
231,12,434.67
232,1,462.56
232,2,476.15
232,3,508.87
232,4,483.18
232,5,464.31
232,6,462.01
232,7,481.91
232,8,510.7
232,9,531.73
232,10,128.13
232,11,482.66
232,12,447.58
233,1,365.62
233,2,312.59
233,3,303.8
233,4,327.22
233,5,302.51
233,6,364.58
233,7,342.93
233,8,331.51
233,9,312.94
233,10,296.78
233,11,330.04
233,12,275.19
234,1,294.25
234,2,396.79
234,3,216.48
234,4,330.74
234,5,270.38
234,6,287.62
234,7,277.63
234,8,266.27
234,9,261.91
234,10,288.89
234,11,72.73
234,12,301.52
235,1,315.43
235,2,335.68
235,3,346.37
235,4,314.92
235,5,297.36
235,6,246.18
235,7,295.06
235,8,295.45
235,9,283.04
235,10,307.99
235,11,322.66
235,12,264.45
236,1,401.6
236,2,394.94
236,3,358.8
236,4,389.3
236,5,372.01
236,6,378.9
236,7,412.6
236,8,396.97
236,9,459.98
236,10,441.34
236,11,390.73
236,12,381.5
237,1,110.32
237,2,43.72
237,3,163.28
237,4,181.18
237,5,33.97
237,6,130.11
237,7,87.82
237,8,125.23
237,9,166.9
237,10,123.01
237,11,156.21
237,12,131.28
238,1,259.93
238,2,206.39
238,3,209.59
238,4,198.19
238,5,261.47
238,6,232.84
238,7,196.59
238,8,261.61
238,9,219.33
238,10,209.85
238,11,230.13
238,12,280.36
239,1,43.88
239,2,95.83
239,3,231.97
239,4,196.9
239,5,238.07
239,6,170.81
239,7,179.26
239,8,185.74
239,9,188.13
239,10,172.3
239,11,240.69
239,12,196.23
240,1,311.3
240,2,273.93
240,3,323.45
240,4,291.03
240,5,336.27
240,6,354.16
240,7,258.83
240,8,354.21
240,9,300.67
240,10,309.07
240,11,285.63
240,12,318.65
241,1,383.28
241,2,350.3
241,3,319.5
241,4,351.78
241,5,340.0
241,6,341.19
241,7,331.32
241,8,298.64
241,9,295.16
241,10,132.59
241,11,330.47
241,12,305.62
242,1,461.16
242,2,452.63
242,3,430.44
242,4,461.32
242,5,466.73
242,6,421.75
242,7,469.03
242,8,454.34
242,9,401.77
242,10,433.19
242,11,446.59
242,12,515.63
243,1,139.9
243,2,144.91
243,3,151.48
243,4,115.06
243,5,147.2
243,6,152.3
243,7,124.35
243,8,151.6
243,9,141.42
243,10,120.06
243,11,147.48
243,12,130.28
244,1,180.99
244,2,202.06
244,3,167.95
244,4,169.03
244,5,221.83
244,6,190.09
244,7,155.56
244,8,203.91
244,9,161.0
244,10,183.77
244,11,232.1
244,12,134.06
245,1,327.35
245,2,156.74
245,3,415.61
245,4,372.53
245,5,403.77
245,6,415.41
245,7,391.72
245,8,97.57
245,9,373.12
245,10,395.8
245,11,420.31
245,12,406.71
246,1,399.28
246,2,456.27
246,3,448.28
246,4,441.06
246,5,432.51
246,6,427.23
246,7,463.37
246,8,431.76
246,9,434.08
246,10,451.9
246,11,442.24
246,12,485.27
247,1,53.12
247,2,233.13
247,3,190.94
247,4,215.13
247,5,236.52
247,6,217.01
247,7,224.2
247,8,211.12
247,9,181.57
247,10,236.65
247,11,279.65
247,12,227.55
248,1,326.82
248,2,285.1
248,3,99.66
248,4,280.83
248,5,254.47
248,6,270.12
248,7,284.94
248,8,292.1
248,9,293.42
248,10,297.33
248,11,74.33
248,12,340.47
249,1,188.04
249,2,205.22
249,3,201.56
249,4,234.64
249,5,85.2
249,6,231.94
249,7,218.97
249,8,190.6
249,9,216.64
249,10,182.8
249,11,267.51
249,12,117.07
250,1,323.68
250,2,334.09
250,3,332.59
250,4,357.72
250,5,344.14
250,6,352.92
250,7,296.03
250,8,363.8
250,9,306.33
250,10,308.05
250,11,336.13
250,12,337.06
251,1,386.11
251,2,407.4
251,3,368.79
251,4,415.67
251,5,439.48
251,6,422.12
251,7,368.11
251,8,400.84
251,9,351.21
251,10,407.17
251,11,403.52
251,12,333.91
252,1,115.37
252,2,139.19
252,3,76.54
252,4,188.43
252,5,148.62
252,6,155.01
252,7,96.78
252,8,167.48
252,9,115.2
252,10,100.42
252,11,127.82
252,12,127.12
253,1,172.79
253,2,168.78
253,3,166.18
253,4,180.81
253,5,186.5
253,6,47.95
253,7,37.04
253,8,181.55
253,9,178.53
253,10,184.93
253,11,163.7
253,12,214.14
254,1,373.88
254,2,445.37
254,3,399.39
254,4,403.48
254,5,404.73
254,6,381.53
254,7,449.93
254,8,415.33
254,9,404.19
254,10,369.84
254,11,368.14
254,12,393.73
255,1,140.77
255,2,140.63
255,3,158.68
255,4,135.1
255,5,187.26
255,6,59.62
255,7,74.79
255,8,150.76
255,9,130.84
255,10,113.06
255,11,124.88
255,12,165.28
256,1,184.93
256,2,176.27
256,3,208.0
256,4,230.97
256,5,179.92
256,6,243.23
256,7,175.31
256,8,197.68
256,9,216.59
256,10,193.36
256,11,151.72
256,12,232.82
257,1,148.76
257,2,98.87
257,3,148.7
257,4,123.23
257,5,123.62
257,6,151.3
257,7,118.93
257,8,90.16
257,9,155.84
257,10,98.62
257,11,148.5
257,12,162.19
258,1,501.03
258,2,549.44
258,3,494.38
258,4,398.41
258,5,524.23
258,6,465.92
258,7,554.97
258,8,490.49
258,9,436.46
258,10,425.06
258,11,533.19
258,12,520.18
259,1,439.83
259,2,464.12
259,3,456.56
259,4,463.76
259,5,457.67
259,6,489.37
259,7,422.43
259,8,430.69
259,9,427.82
259,10,201.14
259,11,478.01
259,12,464.54
260,1,80.81
260,2,100.68
260,3,110.17
260,4,99.86
260,5,106.17
260,6,123.15
260,7,148.16
260,8,51.63
260,9,133.84
260,10,73.2
260,11,100.19
260,12,102.77
261,1,332.41
261,2,277.55
261,3,334.73
261,4,357.0
261,5,331.5
261,6,340.32
261,7,335.43
261,8,331.35
261,9,343.28
261,10,332.82
261,11,384.3
261,12,274.81
262,1,491.57
262,2,487.31
262,3,533.67
262,4,543.53
262,5,461.81
262,6,485.02
262,7,490.89
262,8,461.07
262,9,503.85
262,10,477.81
262,11,452.97
262,12,476.61
263,1,87.24
263,2,161.23
263,3,146.21
263,4,168.06
263,5,88.84
263,6,150.21
263,7,127.96
263,8,139.31
263,9,128.31
263,10,151.31
263,11,130.11
263,12,103.44
264,1,277.86
264,2,340.18
264,3,324.96
264,4,363.24
264,5,278.65
264,6,293.66
264,7,311.94
264,8,324.39
264,9,298.53
264,10,278.81
264,11,331.44
264,12,326.63
265,1,451.52
265,2,376.87
265,3,473.97
265,4,440.8
265,5,480.76
265,6,401.39
265,7,420.91
265,8,361.76
265,9,410.13
265,10,428.48
265,11,375.12
265,12,422.16
266,1,206.37
266,2,149.8
266,3,218.14
266,4,241.72
266,5,180.41
266,6,252.56
266,7,235.28
266,8,246.19
266,9,215.69
266,10,180.22
266,11,233.42
266,12,92.79
267,1,394.84
267,2,341.99
267,3,306.54
267,4,355.48
267,5,404.58
267,6,311.56
267,7,331.16
267,8,354.49
267,9,340.38
267,10,312.53
267,11,375.66
267,12,411.6
268,1,149.55
268,2,132.96
268,3,118.28
268,4,132.24
268,5,130.41
268,6,113.61
268,7,66.31
268,8,124.36
268,9,166.19
268,10,70.74
268,11,90.03
268,12,131.8
269,1,464.35
269,2,492.6
269,3,429.94
269,4,494.98
269,5,438.43
269,6,518.92
269,7,471.96
269,8,426.39
269,9,393.24
269,10,478.27
269,11,442.77
269,12,449.33
270,1,172.55
270,2,214.13
270,3,190.88
270,4,198.49
270,5,194.09
270,6,202.9
270,7,158.65
270,8,144.47
270,9,231.02
270,10,195.49
270,11,211.13
270,12,135.21
271,1,394.19
271,2,407.03
271,3,414.36
271,4,90.29
271,5,425.75
271,6,382.61
271,7,377.4
271,8,361.38
271,9,358.18
271,10,371.34
271,11,390.73
271,12,470.6
272,1,71.52
272,2,275.71
272,3,390.45
272,4,325.49
272,5,334.1
272,6,89.31
272,7,325.91
272,8,320.01
272,9,313.1
272,10,344.94
272,11,330.94
272,12,364.91
273,1,301.47
273,2,324.24
273,3,309.79
273,4,355.29
273,5,337.42
273,6,314.57
273,7,364.88
273,8,342.65
273,9,279.62
273,10,362.59
273,11,340.55
273,12,376.72
274,1,248.42
274,2,272.81
274,3,213.9
274,4,213.32
274,5,226.71
274,6,252.58
274,7,48.91
274,8,250.02
274,9,236.65
274,10,292.85
274,11,53.68
274,12,162.72
275,1,212.29
275,2,200.74
275,3,189.24
275,4,200.67
275,5,248.87
275,6,200.48
275,7,201.51
275,8,182.44
275,9,269.07
275,10,244.04
275,11,156.23
275,12,201.53
276,1,358.6
276,2,367.18
276,3,394.37
276,4,350.5
276,5,69.24
276,6,378.33
276,7,347.75
276,8,320.9
276,9,315.06
276,10,398.88
276,11,356.95
276,12,335.31
277,1,117.92
277,2,262.17
277,3,262.06
277,4,229.11
277,5,250.79
277,6,245.48
277,7,247.04
277,8,270.19
277,9,196.97
277,10,224.69
277,11,266.67
277,12,273.64
278,1,340.21
278,2,284.71
278,3,284.35
278,4,331.78
278,5,327.37
278,6,304.58
278,7,327.23
278,8,370.66
278,9,343.86
278,10,288.77
278,11,319.65
278,12,298.85
279,1,478.93
279,2,446.94
279,3,482.65
279,4,102.68
279,5,496.91
279,6,455.99
279,7,441.13
279,8,447.35
279,9,459.06
279,10,465.64
279,11,467.45
279,12,453.11
280,1,145.4
280,2,120.31
280,3,131.41
280,4,117.07
280,5,178.11
280,6,132.89
280,7,100.36
280,8,139.63
280,9,65.87
280,10,118.59
280,11,124.57
280,12,118.93
281,1,146.11
281,2,80.85
281,3,151.43
281,4,95.14
281,5,63.83
281,6,86.84
281,7,106.45
281,8,118.76
281,9,118.57
281,10,131.72
281,11,78.43
281,12,115.88
282,1,261.89
282,2,230.94
282,3,262.34
282,4,305.05
282,5,271.47
282,6,89.25
282,7,241.51
282,8,236.3
282,9,282.42
282,10,228.18
282,11,248.36
282,12,248.54
283,1,269.18
283,2,263.94
283,3,297.08
283,4,347.34
283,5,298.38
283,6,362.97
283,7,351.03
283,8,323.49
283,9,325.19
283,10,323.46
283,11,319.79
283,12,304.01
284,1,180.48
284,2,259.33
284,3,228.09
284,4,243.06
284,5,176.98
284,6,200.11
284,7,235.46
284,8,215.99
284,9,212.26
284,10,245.92
284,11,165.79
284,12,191.47
285,1,123.25
285,2,133.9
285,3,191.59
285,4,195.74
285,5,183.56
285,6,167.97
285,7,126.63
285,8,142.1
285,9,53.28
285,10,181.18
285,11,132.1
285,12,142.57
286,1,223.14
286,2,168.28
286,3,138.36
286,4,200.01
286,5,205.45
286,6,240.36
286,7,206.71
286,8,211.84
286,9,179.14
286,10,260.25
286,11,175.06
286,12,168.64
287,1,220.9
287,2,204.92
287,3,199.34
287,4,186.79
287,5,241.09
287,6,210.81
287,7,206.56
287,8,210.05
287,9,195.63
287,10,206.66
287,11,222.17
287,12,56.56
288,1,330.98
288,2,301.3
288,3,258.3
288,4,359.84
288,5,352.75
288,6,325.55
288,7,330.87
288,8,86.89
288,9,330.73
288,10,351.12
288,11,315.08
288,12,143.08
289,1,84.08
289,2,89.14
289,3,86.67
289,4,100.42
289,5,130.52
289,6,97.97
289,7,81.37
289,8,54.44
289,9,163.06
289,10,165.41
289,11,131.81
289,12,90.69
290,1,64.33
290,2,111.82
290,3,87.43
290,4,62.11
290,5,149.11
290,6,144.48
290,7,105.78
290,8,138.98
290,9,166.1
290,10,131.62
290,11,123.39
290,12,48.01
291,1,178.8
291,2,238.21
291,3,218.08
291,4,201.18
291,5,183.28
291,6,186.43
291,7,269.49
291,8,208.02
291,9,231.46
291,10,184.27
291,11,184.6
291,12,240.46
292,1,416.33
292,2,430.12
292,3,364.79
292,4,369.19
292,5,397.65
292,6,383.9
292,7,408.75
292,8,425.57
292,9,452.67
292,10,435.33
292,11,381.17
292,12,399.75
293,1,212.71
293,2,196.92
293,3,158.96
293,4,131.46
293,5,149.0
293,6,154.85
293,7,177.28
293,8,176.27
293,9,214.24
293,10,64.42
293,11,128.75
293,12,139.29
294,1,213.3
294,2,241.95
294,3,218.67
294,4,209.58
294,5,250.76
294,6,249.38
294,7,266.49
294,8,230.07
294,9,255.24
294,10,259.52
294,11,256.34
294,12,218.23
295,1,301.12
295,2,340.49
295,3,318.59
295,4,138.46
295,5,291.42
295,6,290.33
295,7,302.23
295,8,308.77
295,9,289.04
295,10,310.72
295,11,281.18
295,12,74.82
296,1,438.51
296,2,401.21
296,3,426.06
296,4,392.34
296,5,439.37
296,6,448.54
296,7,430.6
296,8,402.98
296,9,132.93
296,10,468.2
296,11,403.48
296,12,445.5
297,1,156.17
297,2,169.35
297,3,103.3
297,4,190.84
297,5,87.82
297,6,161.14
297,7,183.6
297,8,136.61
297,9,135.49
297,10,160.03
297,11,195.56
297,12,131.57
298,1,442.17
298,2,406.55
298,3,398.85
298,4,425.98
298,5,443.99
298,6,409.32
298,7,447.96
298,8,459.58
298,9,388.51
298,10,390.89
298,11,411.79
298,12,425.23
299,1,448.34
299,2,454.93
299,3,412.4
299,4,454.24
299,5,446.75
299,6,413.22
299,7,430.87
299,8,447.12
299,9,432.78
299,10,378.64
299,11,483.29
299,12,446.74
300,1,143.86
300,2,139.41
300,3,174.34
300,4,210.48
300,5,207.91
300,6,225.09
300,7,157.01
300,8,123.52
300,9,218.74
300,10,168.15
300,11,132.45
300,12,197.35
301,1,514.76
301,2,474.96
301,3,522.41
301,4,430.65
301,5,522.94
301,6,487.0
301,7,492.87
301,8,460.64
301,9,434.58
301,10,492.23
301,11,505.54
301,12,510.08
302,1,354.48
302,2,341.35
302,3,346.4
302,4,372.21
302,5,351.02
302,6,318.74
302,7,313.0
302,8,305.31
302,9,393.67
302,10,374.22
302,11,346.81
302,12,336.39
303,1,166.86
303,2,107.03
303,3,145.82
303,4,134.06
303,5,126.34
303,6,129.91
303,7,114.15
303,8,118.04
303,9,100.56
303,10,118.24
303,11,99.44
303,12,147.17
304,1,337.61
304,2,386.7
304,3,368.77
304,4,362.53
304,5,332.74
304,6,401.11
304,7,381.94
304,8,345.41
304,9,392.05
304,10,347.07
304,11,338.54
304,12,339.21
305,1,161.67
305,2,178.67
305,3,163.47
305,4,144.58
305,5,193.58
305,6,180.51
305,7,200.38
305,8,205.83
305,9,218.76
305,10,186.0
305,11,220.06
305,12,152.73
306,1,189.72
306,2,185.83
306,3,234.93
306,4,204.48
306,5,73.53
306,6,194.44
306,7,226.43
306,8,260.1
306,9,238.58
306,10,208.63
306,11,228.72
306,12,213.78
307,1,257.34
307,2,259.77
307,3,84.18
307,4,304.77
307,5,268.61
307,6,274.29
307,7,298.67
307,8,78.13
307,9,331.1
307,10,229.09
307,11,238.98
307,12,285.42
308,1,223.38
308,2,180.49
308,3,203.71
308,4,219.02
308,5,184.9
308,6,144.13
308,7,173.38
308,8,157.73
308,9,164.89
308,10,177.16
308,11,175.98
308,12,192.36
309,1,123.07
309,2,99.48
309,3,123.0
309,4,143.08
309,5,30.38
309,6,140.48
309,7,114.9
309,8,170.15
309,9,99.71
309,10,149.63
309,11,170.46
309,12,149.43
310,1,497.43
310,2,528.49
310,3,506.18
310,4,496.51
310,5,524.18
310,6,502.54
310,7,505.41
310,8,546.01
310,9,476.97
310,10,444.53
310,11,492.17
310,12,496.44
311,1,441.5
311,2,456.22
311,3,376.44
311,4,448.15
311,5,391.38
311,6,422.01
311,7,448.31
311,8,401.65
311,9,396.16
311,10,430.03
311,11,146.17
311,12,176.67
312,1,147.82
312,2,213.63
312,3,130.13
312,4,179.66
312,5,126.8
312,6,180.57
312,7,163.44
312,8,205.47
312,9,194.62
312,10,155.39
312,11,149.63
312,12,163.55
313,1,414.59
313,2,454.61
313,3,409.2
313,4,434.88
313,5,363.29
313,6,409.73
313,7,372.08
313,8,360.69
313,9,382.82
313,10,440.76
313,11,433.5
313,12,412.29
314,1,363.74
314,2,304.33
314,3,376.25
314,4,354.68
314,5,363.2
314,6,337.79
314,7,331.18
314,8,390.37
314,9,397.25
314,10,376.54
314,11,124.58
314,12,378.49
315,1,158.77
315,2,207.01
315,3,209.53
315,4,168.43
315,5,210.81
315,6,158.34
315,7,179.79
315,8,192.14
315,9,198.54
315,10,193.65
315,11,165.02
315,12,207.81
316,1,188.3
316,2,93.63
316,3,215.76
316,4,127.65
316,5,211.07
316,6,140.31
316,7,137.77
316,8,140.58
316,9,30.59
316,10,49.13
316,11,145.71
316,12,138.93
317,1,140.48
317,2,89.35
317,3,168.79
317,4,195.49
317,5,136.59
317,6,192.44
317,7,135.92
317,8,162.6
317,9,189.58
317,10,131.38
317,11,172.45
317,12,84.06
318,1,240.23
318,2,78.04
318,3,175.46
318,4,215.83
318,5,195.07
318,6,177.73
318,7,163.78
318,8,114.78
318,9,193.85
318,10,215.53
318,11,152.31
318,12,165.66
319,1,106.42
319,2,158.62
319,3,63.65
319,4,114.1
319,5,170.6
319,6,130.73
319,7,171.7
319,8,167.5
319,9,151.66
319,10,91.97
319,11,167.44
319,12,162.06
320,1,431.02
320,2,434.22
320,3,394.4
320,4,400.12
320,5,398.57
320,6,445.16
320,7,429.13
320,8,400.12
320,9,444.4
320,10,443.3
320,11,406.15
320,12,152.65
321,1,526.99
321,2,526.36
321,3,501.54
321,4,522.68
321,5,470.97
321,6,513.5
321,7,491.4
321,8,434.21
321,9,448.42
321,10,476.11
321,11,508.45
321,12,476.14
322,1,336.09
322,2,288.83
322,3,315.25
322,4,238.31
322,5,323.87
322,6,329.33
322,7,300.45
322,8,319.86
322,9,265.55
322,10,286.97
322,11,333.96
322,12,326.34
323,1,225.67
323,2,278.39
323,3,337.3
323,4,298.82
323,5,262.1
323,6,130.75
323,7,288.54
323,8,302.18
323,9,246.99
323,10,305.78
323,11,206.87
323,12,269.1
324,1,297.55
324,2,300.7
324,3,366.26
324,4,319.86
324,5,322.55
324,6,298.77
324,7,144.87
324,8,312.62
324,9,303.37
324,10,271.58
324,11,317.17
324,12,302.44
325,1,507.71
325,2,430.29
325,3,505.35
325,4,422.55
325,5,165.58
325,6,142.5
325,7,474.58
325,8,500.82
325,9,414.2
325,10,473.23
325,11,504.99
325,12,470.78
326,1,116.16
326,2,223.83
326,3,284.72
326,4,337.7
326,5,105.28
326,6,302.35
326,7,308.33
326,8,288.33
326,9,315.14
326,10,331.98
326,11,260.52
326,12,317.99
327,1,386.5
327,2,338.39
327,3,391.9
327,4,371.53
327,5,146.83
327,6,395.99
327,7,417.93
327,8,387.09
327,9,416.0
327,10,374.34
327,11,375.77
327,12,381.27
328,1,337.96
328,2,395.8
328,3,362.87
328,4,378.21
328,5,360.51
328,6,377.27
328,7,341.12
328,8,329.97
328,9,375.91
328,10,386.82
328,11,325.57
328,12,335.72
329,1,402.94
329,2,423.82
329,3,449.44
329,4,444.16
329,5,439.62
329,6,443.78
329,7,428.88
329,8,391.89
329,9,428.09
329,10,454.06
329,11,435.89
329,12,451.74
330,1,404.36
330,2,296.65
330,3,393.34
330,4,347.27
330,5,379.79
330,6,356.39
330,7,388.19
330,8,101.99
330,9,321.04
330,10,396.62
330,11,350.6
330,12,360.65
331,1,148.83
331,2,94.4
331,3,106.11
331,4,83.31
331,5,109.76
331,6,45.59
331,7,128.02
331,8,120.82
331,9,88.75
331,10,116.28
331,11,175.41
331,12,171.85
332,1,387.71
332,2,375.17
332,3,390.36
332,4,450.55
332,5,375.47
332,6,471.5
332,7,382.78
332,8,430.5
332,9,403.64
332,10,398.38
332,11,369.86
332,12,405.05
333,1,323.69
333,2,348.69
333,3,350.13
333,4,298.95
333,5,310.81
333,6,304.99
333,7,270.95
333,8,333.13
333,9,318.16
333,10,360.22
333,11,292.3
333,12,349.66
334,1,424.74
334,2,142.66
334,3,416.57
334,4,447.15
334,5,409.44
334,6,407.35
334,7,352.43
334,8,319.08
334,9,409.65
334,10,395.16
334,11,382.56
334,12,405.31
335,1,318.03
335,2,339.96
335,3,275.04
335,4,380.59
335,5,333.51
335,6,350.56
335,7,347.69
335,8,378.87
335,9,285.14
335,10,344.37
335,11,375.39
335,12,338.06
336,1,135.08
336,2,136.61
336,3,173.59
336,4,122.64
336,5,97.72
336,6,139.18
336,7,129.47
336,8,115.01
336,9,138.74
336,10,158.75
336,11,143.72
336,12,153.21
337,1,327.03
337,2,359.27
337,3,300.84
337,4,359.47
337,5,327.07
337,6,296.76
337,7,290.74
337,8,388.03
337,9,325.2
337,10,358.1
337,11,278.76
337,12,409.13
338,1,391.89
338,2,365.64
338,3,363.02
338,4,409.88
338,5,394.18
338,6,368.54
338,7,359.01
338,8,313.78
338,9,374.74
338,10,361.22
338,11,381.62
338,12,390.73
339,1,339.32
339,2,317.21
339,3,149.77
339,4,250.36
339,5,310.29
339,6,91.69
339,7,328.31
339,8,319.86
339,9,359.94
339,10,280.22
339,11,147.52
339,12,352.75
340,1,116.93
340,2,103.07
340,3,148.85
340,4,140.88
340,5,128.56
340,6,106.19
340,7,113.71
340,8,111.57
340,9,106.69
340,10,97.97
340,11,123.96
340,12,96.61
341,1,347.6
341,2,290.7
341,3,297.11
341,4,275.07
341,5,283.47
341,6,251.69
341,7,306.46
341,8,354.3
341,9,319.66
341,10,349.99
341,11,341.2
341,12,70.71
342,1,437.68
342,2,397.96
342,3,403.32
342,4,407.64
342,5,149.2
342,6,405.91
342,7,456.52
342,8,421.36
342,9,426.75
342,10,406.29
342,11,445.71
342,12,430.65
343,1,188.02
343,2,212.06
343,3,75.95
343,4,223.73
343,5,178.25
343,6,154.37
343,7,210.93
343,8,172.4
343,9,203.79
343,10,172.25
343,11,179.21
343,12,195.81
344,1,292.87
344,2,292.49
344,3,285.75
344,4,292.43
344,5,103.85
344,6,295.66
344,7,294.82
344,8,69.62
344,9,305.36
344,10,308.02
344,11,348.67
344,12,305.3
345,1,241.78
345,2,236.19
345,3,183.63
345,4,213.1
345,5,193.27
345,6,212.57
345,7,90.89
345,8,225.17
345,9,222.26
345,10,194.09
345,11,162.48
345,12,200.75
346,1,290.31
346,2,323.55
346,3,312.12
346,4,289.97
346,5,291.52
346,6,288.57
346,7,283.22
346,8,341.02
346,9,336.98
346,10,341.07
346,11,313.13
346,12,305.72
347,1,384.81
347,2,373.98
347,3,341.88
347,4,349.22
347,5,421.99
347,6,376.98
347,7,379.05
347,8,379.17
347,9,417.84
347,10,344.64
347,11,364.11
347,12,370.93
348,1,356.4
348,2,353.78
348,3,393.61
348,4,324.7
348,5,334.12
348,6,388.09
348,7,339.13
348,8,384.02
348,9,407.98
348,10,344.95
348,11,377.44
348,12,322.39
349,1,294.9
349,2,420.99
349,3,143.17
349,4,308.05
349,5,370.92
349,6,315.74
349,7,342.86
349,8,383.47
349,9,108.83
349,10,378.63
349,11,353.83
349,12,365.46
350,1,277.02
350,2,333.51
350,3,336.52
350,4,295.68
350,5,301.39
350,6,310.65
350,7,303.01
350,8,332.76
350,9,317.91
350,10,154.26
350,11,355.48
350,12,353.45
351,1,284.0
351,2,373.69
351,3,149.19
351,4,295.96
351,5,289.59
351,6,339.43
351,7,294.64
351,8,335.7
351,9,312.93
351,10,346.49
351,11,281.72
351,12,285.91
352,1,251.83
352,2,241.38
352,3,150.85
352,4,283.26
352,5,230.86
352,6,198.71
352,7,226.71
352,8,227.29
352,9,74.93
352,10,227.94
352,11,203.78
352,12,209.87
353,1,142.88
353,2,122.49
353,3,165.88
353,4,60.62
353,5,173.47
353,6,155.58
353,7,145.32
353,8,159.27
353,9,110.79
353,10,79.61
353,11,166.06
353,12,73.99
354,1,132.9
354,2,54.69
354,3,149.91
354,4,46.66
354,5,120.57
354,6,83.85
354,7,20.61
354,8,107.85
354,9,142.45
354,10,96.31
354,11,98.81
354,12,165.45
355,1,164.53
355,2,202.19
355,3,147.17
355,4,122.11
355,5,161.98
355,6,184.05
355,7,199.17
355,8,183.92
355,9,193.07
355,10,199.36
355,11,157.82
355,12,163.56
356,1,370.51
356,2,334.67
356,3,363.07
356,4,345.52
356,5,306.57
356,6,293.09
356,7,366.8
356,8,343.15
356,9,343.41
356,10,380.88
356,11,395.2
356,12,351.82
357,1,471.96
357,2,433.41
357,3,458.14
357,4,531.06
357,5,515.6
357,6,453.5
357,7,567.93
357,8,503.8
357,9,507.81
357,10,561.33
357,11,546.18
357,12,517.43
358,1,454.79
358,2,503.05
358,3,478.25
358,4,478.43
358,5,496.72
358,6,474.22
358,7,495.87
358,8,475.2
358,9,476.85
358,10,522.79
358,11,525.84
358,12,441.74
359,1,313.13
359,2,329.73
359,3,336.19
359,4,300.0
359,5,344.43
359,6,348.95
359,7,324.61
359,8,334.94
359,9,344.53
359,10,136.14
359,11,346.64
359,12,107.41
360,1,228.75
360,2,203.44
360,3,189.22
360,4,192.55
360,5,178.9
360,6,256.26
360,7,260.02
360,8,244.61
360,9,227.01
360,10,289.83
360,11,225.06
360,12,234.63
361,1,293.72
361,2,305.92
361,3,100.28
361,4,328.71
361,5,324.52
361,6,269.52
361,7,307.31
361,8,289.0
361,9,327.95
361,10,285.05
361,11,321.56
361,12,299.53
362,1,395.7
362,2,420.32
362,3,345.84
362,4,402.31
362,5,304.91
362,6,334.17
362,7,341.24
362,8,93.35
362,9,322.49
362,10,382.39
362,11,363.58
362,12,381.38
363,1,139.66
363,2,87.03
363,3,132.42
363,4,80.01
363,5,25.33
363,6,142.54
363,7,44.89
363,8,179.08
363,9,150.03
363,10,69.84
363,11,196.95
363,12,80.03
364,1,389.69
364,2,440.25
364,3,464.4
364,4,386.16
364,5,483.18
364,6,436.46
364,7,455.02
364,8,468.01
364,9,453.18
364,10,420.68
364,11,460.53
364,12,431.64
365,1,163.02
365,2,121.65
365,3,170.27
365,4,128.87
365,5,154.5
365,6,138.9
365,7,141.43
365,8,170.99
365,9,116.79
365,10,206.36
365,11,93.37
365,12,130.07
366,1,432.55
366,2,408.65
366,3,455.12
366,4,395.85
366,5,220.72
366,6,433.8
366,7,422.56
366,8,405.86
366,9,466.92
366,10,416.44
366,11,400.98
366,12,467.54
367,1,349.35
367,2,331.85
367,3,75.68
367,4,304.5
367,5,389.87
367,6,292.76
367,7,333.67
367,8,354.03
367,9,320.41
367,10,315.7
367,11,70.48
367,12,343.33
368,1,394.93
368,2,134.61
368,3,376.79
368,4,386.59
368,5,396.81
368,6,443.86
368,7,156.73
368,8,372.01
368,9,372.33
368,10,367.65
368,11,385.98
368,12,367.63
369,1,66.69
369,2,156.62
369,3,85.01
369,4,126.95
369,5,108.28
369,6,72.46
369,7,101.82
369,8,125.52
369,9,96.35
369,10,137.79
369,11,132.65
369,12,129.57
370,1,308.96
370,2,248.55
370,3,237.4
370,4,270.0
370,5,219.21
370,6,290.87
370,7,272.94
370,8,259.86
370,9,258.19
370,10,297.3
370,11,296.34
370,12,262.61
371,1,354.9
371,2,258.69
371,3,268.08
371,4,357.95
371,5,281.0
371,6,282.91
371,7,276.73
371,8,337.45
371,9,265.4
371,10,303.67
371,11,295.03
371,12,334.1
372,1,310.62
372,2,321.57
372,3,336.55
372,4,227.42
372,5,325.04
372,6,113.67
372,7,287.12
372,8,319.12
372,9,295.11
372,10,323.84
372,11,304.77
372,12,311.05
373,1,430.98
373,2,429.01
373,3,483.88
373,4,463.76
373,5,404.65
373,6,434.82
373,7,462.59
373,8,476.13
373,9,430.62
373,10,363.57
373,11,466.7
373,12,414.39
374,1,245.09
374,2,300.05
374,3,211.06
374,4,237.94
374,5,106.93
374,6,231.0
374,7,290.42
374,8,263.35
374,9,221.43
374,10,249.12
374,11,221.86
374,12,219.1
375,1,216.72
375,2,158.81
375,3,254.48
375,4,266.37
375,5,245.94
375,6,277.01
375,7,209.39
375,8,243.86
375,9,241.49
375,10,245.7
375,11,284.04
375,12,245.85
376,1,305.75
376,2,374.96
376,3,299.31
376,4,326.07
376,5,138.36
376,6,276.06
376,7,339.41
376,8,293.35
376,9,349.68
376,10,296.12
376,11,345.78
376,12,358.17
377,1,135.72
377,2,156.26
377,3,148.53
377,4,162.26
377,5,120.58
377,6,148.19
377,7,166.56
377,8,162.31
377,9,175.41
377,10,173.66
377,11,149.79
377,12,165.6
378,1,411.86
378,2,412.58
378,3,441.18
378,4,458.13
378,5,463.0
378,6,434.74
378,7,435.48
378,8,214.36
378,9,405.12
378,10,478.78
378,11,488.56
378,12,431.23
379,1,349.92
379,2,313.85
379,3,384.3
379,4,381.07
379,5,89.94
379,6,328.87
379,7,331.5
379,8,366.3
379,9,362.84
379,10,349.33
379,11,356.22
379,12,309.37
380,1,321.89
380,2,313.57
380,3,321.98
380,4,411.78
380,5,341.07
380,6,283.64
380,7,264.59
380,8,346.64
380,9,77.21
380,10,332.25
380,11,290.61
380,12,325.9
381,1,217.36
381,2,267.66
381,3,232.2
381,4,191.14
381,5,224.04
381,6,216.44
381,7,187.48
381,8,48.92
381,9,220.66
381,10,236.69
381,11,225.8
381,12,200.47
382,1,322.49
382,2,309.2
382,3,324.03
382,4,278.99
382,5,305.9
382,6,337.31
382,7,334.6
382,8,320.44
382,9,277.51
382,10,272.79
382,11,307.44
382,12,309.42
383,1,450.96
383,2,475.85
383,3,422.08
383,4,505.43
383,5,447.04
383,6,488.66
383,7,428.9
383,8,487.07
383,9,487.16
383,10,478.53
383,11,106.89
383,12,474.49
384,1,84.74
384,2,111.15
384,3,149.63
384,4,110.42
384,5,91.92
384,6,49.17
384,7,111.58
384,8,73.57
384,9,73.75
384,10,20.41
384,11,189.4
384,12,140.8
385,1,181.75
385,2,255.46
385,3,316.26
385,4,278.99
385,5,269.83
385,6,315.0
385,7,276.96
385,8,217.22
385,9,234.84
385,10,292.56
385,11,277.99
385,12,323.64
386,1,194.48
386,2,184.38
386,3,172.84
386,4,190.05
386,5,165.39
386,6,197.88
386,7,140.02
386,8,175.18
386,9,205.04
386,10,194.07
386,11,169.12
386,12,176.04
387,1,405.21
387,2,388.28
387,3,348.14
387,4,368.76
387,5,382.12
387,6,342.12
387,7,367.83
387,8,121.09
387,9,432.82
387,10,377.42
387,11,412.69
387,12,332.58
388,1,301.73
388,2,320.66
388,3,336.74
388,4,292.33
388,5,267.96
388,6,313.82
388,7,288.59
388,8,153.77
388,9,278.94
388,10,271.26
388,11,301.31
388,12,244.79
389,1,402.2
389,2,371.74
389,3,351.83
389,4,353.78
389,5,263.57
389,6,342.28
389,7,312.2
389,8,359.03
389,9,347.2
389,10,328.92
389,11,358.36
389,12,358.1
390,1,181.72
390,2,209.21
390,3,251.37
390,4,226.64
390,5,207.55
390,6,192.27
390,7,52.13
390,8,169.35
390,9,244.29
390,10,238.46
390,11,179.29
390,12,209.13
391,1,153.31
391,2,200.11
391,3,56.09
391,4,149.39
391,5,166.88
391,6,169.79
391,7,159.42
391,8,119.65
391,9,228.14
391,10,63.46
391,11,161.31
391,12,176.5
392,1,448.12
392,2,450.46
392,3,425.92
392,4,417.75
392,5,407.73
392,6,165.39
392,7,401.39
392,8,381.48
392,9,419.72
392,10,371.46
392,11,427.73
392,12,420.91
393,1,159.91
393,2,230.37
393,3,147.14
393,4,190.41
393,5,168.53
393,6,187.93
393,7,205.54
393,8,229.54
393,9,236.53
393,10,172.43
393,11,186.02
393,12,321.58
394,1,161.92
394,2,95.65
394,3,298.66
394,4,308.57
394,5,334.35
394,6,297.03
394,7,357.18
394,8,339.28
394,9,326.15
394,10,332.73
394,11,306.99
394,12,302.21
395,1,144.61
395,2,172.15
395,3,168.99
395,4,119.92
395,5,142.09
395,6,166.82
395,7,174.07
395,8,123.17
395,9,164.24
395,10,152.93
395,11,111.02
395,12,167.0
396,1,219.13
396,2,217.11
396,3,187.24
396,4,168.47
396,5,168.18
396,6,187.8
396,7,97.9
396,8,226.85
396,9,184.1
396,10,164.4
396,11,207.04
396,12,74.44
397,1,342.46
397,2,274.28
397,3,335.68
397,4,340.93
397,5,268.53
397,6,341.72
397,7,310.6
397,8,285.93
397,9,389.14
397,10,309.27
397,11,320.98
397,12,117.2
398,1,77.09
398,2,58.37
398,3,144.35
398,4,143.61
398,5,185.68
398,6,161.16
398,7,127.71
398,8,120.81
398,9,149.12
398,10,129.81
398,11,70.76
398,12,187.78
399,1,30.93
399,2,157.9
399,3,150.48
399,4,79.0
399,5,138.62
399,6,114.83
399,7,123.48
399,8,99.15
399,9,173.44
399,10,152.2
399,11,98.81
399,12,80.96
400,1,214.16
400,2,245.32
400,3,211.24
400,4,252.31
400,5,205.15
400,6,191.71
400,7,176.4
400,8,78.31
400,9,212.53
400,10,181.62
400,11,202.5
400,12,64.79
401,1,201.69
401,2,182.16
401,3,210.02
401,4,174.23
401,5,176.2
401,6,210.93
401,7,192.66
401,8,173.65
401,9,217.01
401,10,165.34
401,11,164.19
401,12,101.12
402,1,155.06
402,2,111.81
402,3,138.07
402,4,148.08
402,5,184.94
402,6,97.89
402,7,94.93
402,8,144.26
402,9,114.68
402,10,109.25
402,11,156.19
402,12,107.58
403,1,278.37
403,2,287.08
403,3,290.78
403,4,356.76
403,5,222.02
403,6,305.5
403,7,281.56
403,8,302.0
403,9,265.28
403,10,283.53
403,11,306.34
403,12,378.39
404,1,360.97
404,2,302.67
404,3,325.67
404,4,338.06
404,5,326.26
404,6,295.74
404,7,132.62
404,8,332.41
404,9,322.96
404,10,322.27
404,11,367.47
404,12,295.1
405,1,140.34
405,2,157.66
405,3,65.91
405,4,160.89
405,5,158.28
405,6,171.83
405,7,177.0
405,8,155.12
405,9,142.77
405,10,162.68
405,11,109.18
405,12,150.69
406,1,199.1
406,2,261.78
406,3,255.64
406,4,275.6
406,5,218.53
406,6,240.17
406,7,246.15
406,8,262.16
406,9,252.87
406,10,202.81
406,11,248.73
406,12,300.13
407,1,202.1
407,2,187.29
407,3,42.5
407,4,156.54
407,5,87.19
407,6,192.83
407,7,185.88
407,8,236.39
407,9,176.04
407,10,220.23
407,11,74.5
407,12,209.67
408,1,387.56
408,2,333.95
408,3,368.07
408,4,330.81
408,5,400.88
408,6,412.95
408,7,381.35
408,8,396.58
408,9,378.23
408,10,410.22
408,11,391.88
408,12,328.43
409,1,180.4
409,2,224.07
409,3,186.86
409,4,187.73
409,5,192.66
409,6,181.54
409,7,212.07
409,8,215.33
409,9,228.75
409,10,223.58
409,11,220.58
409,12,194.13
410,1,179.63
410,2,208.41
410,3,233.29
410,4,168.34
410,5,221.03
410,6,218.02
410,7,216.24
410,8,246.11
410,9,225.03
410,10,259.34
410,11,185.19
410,12,219.08
411,1,297.49
411,2,306.67
411,3,256.4
411,4,311.54
411,5,252.95
411,6,303.17
411,7,252.79
411,8,344.88
411,9,308.9
411,10,239.32
411,11,285.97
411,12,270.36
412,1,424.56
412,2,374.72
412,3,396.01
412,4,407.92
412,5,372.71
412,6,386.09
412,7,420.39
412,8,414.89
412,9,435.19
412,10,392.98
412,11,412.73
412,12,390.84
413,1,447.86
413,2,432.05
413,3,424.45
413,4,419.34
413,5,429.01
413,6,423.05
413,7,386.1
413,8,418.38
413,9,384.79
413,10,419.43
413,11,402.58
413,12,493.18
414,1,438.35
414,2,418.63
414,3,95.27
414,4,362.04
414,5,441.47
414,6,465.48
414,7,396.96
414,8,369.3
414,9,409.25
414,10,390.89
414,11,399.49
414,12,437.31
415,1,326.71
415,2,316.06
415,3,152.59
415,4,271.85
415,5,297.18
415,6,284.84
415,7,364.45
415,8,345.36
415,9,329.55
415,10,280.48
415,11,346.32
415,12,365.6
416,1,110.78
416,2,144.09
416,3,159.02
416,4,115.78
416,5,155.24
416,6,131.7
416,7,124.27
416,8,121.66
416,9,150.4
416,10,137.77
416,11,196.27
416,12,102.43
417,1,286.72
417,2,298.69
417,3,292.3
417,4,222.2
417,5,250.56
417,6,307.84
417,7,310.75
417,8,310.07
417,9,279.67
417,10,225.15
417,11,254.14
417,12,258.73
418,1,318.19
418,2,252.49
418,3,312.03
418,4,333.63
418,5,260.43
418,6,354.75
418,7,274.71
418,8,322.24
418,9,302.49
418,10,307.09
418,11,266.5
418,12,342.81
419,1,249.25
419,2,253.47
419,3,259.56
419,4,239.61
419,5,246.98
419,6,264.03
419,7,284.21
419,8,194.35
419,9,241.93
419,10,259.41
419,11,66.49
419,12,304.94
420,1,160.64
420,2,220.19
420,3,167.83
420,4,151.42
420,5,206.48
420,6,162.74
420,7,179.48
420,8,261.43
420,9,213.61
420,10,183.67
420,11,186.37
420,12,217.22
421,1,388.73
421,2,476.89
421,3,443.16
421,4,481.65
421,5,461.73
421,6,133.87
421,7,462.8
421,8,428.18
421,9,416.77
421,10,464.33
421,11,414.67
421,12,459.27
422,1,183.69
422,2,213.58
422,3,231.27
422,4,166.37
422,5,259.46
422,6,243.27
422,7,212.99
422,8,218.5
422,9,261.62
422,10,200.14
422,11,262.83
422,12,216.44
423,1,395.23
423,2,123.02
423,3,344.07
423,4,422.08
423,5,391.4
423,6,411.13
423,7,81.17
423,8,360.73
423,9,408.53
423,10,405.63
423,11,415.16
423,12,385.6
424,1,366.15
424,2,417.46
424,3,392.9
424,4,436.14
424,5,413.04
424,6,446.18
424,7,409.61
424,8,377.13
424,9,373.39
424,10,360.73
424,11,140.8
424,12,494.73
425,1,401.53
425,2,413.97
425,3,444.36
425,4,374.23
425,5,366.76
425,6,403.53
425,7,439.84
425,8,434.67
425,9,403.05
425,10,461.08
425,11,406.25
425,12,439.87
426,1,411.41
426,2,345.14
426,3,392.91
426,4,421.67
426,5,400.55
426,6,457.19
426,7,402.23
426,8,374.04
426,9,470.23
426,10,434.01
426,11,336.91
426,12,361.48
427,1,360.72
427,2,386.37
427,3,364.77
427,4,150.04
427,5,414.81
427,6,401.99
427,7,432.56
427,8,396.47
427,9,347.49
427,10,424.9
427,11,365.85
427,12,411.31
428,1,103.59
428,2,214.9
428,3,268.08
428,4,270.04
428,5,230.06
428,6,232.44
428,7,236.4
428,8,222.05
428,9,170.13
428,10,254.45
428,11,244.09
428,12,247.16
429,1,241.36
429,2,260.91
429,3,54.18
429,4,255.6
429,5,295.22
429,6,243.59
429,7,323.22
429,8,222.92
429,9,258.19
429,10,246.31
429,11,260.59
429,12,307.14
430,1,180.1
430,2,175.73
430,3,194.38
430,4,152.92
430,5,155.12
430,6,197.78
430,7,176.64
430,8,210.14
430,9,193.27
430,10,164.42
430,11,198.25
430,12,216.92
431,1,240.56
431,2,234.28
431,3,271.39
431,4,211.35
431,5,225.45
431,6,193.55
431,7,79.09
431,8,67.25
431,9,202.27
431,10,222.27
431,11,272.53
431,12,270.8
432,1,419.35
432,2,371.93
432,3,405.05
432,4,382.84
432,5,369.66
432,6,382.09
432,7,402.1
432,8,419.45
432,9,384.44
432,10,355.88
432,11,421.99
432,12,365.05
433,1,151.99
433,2,29.89
433,3,121.39
433,4,95.62
433,5,192.89
433,6,162.34
433,7,107.57
433,8,81.9
433,9,133.82
433,10,160.77
433,11,75.95
433,12,100.05
434,1,390.04
434,2,411.85
434,3,384.79
434,4,430.75
434,5,437.61
434,6,442.42
434,7,440.86
434,8,411.17
434,9,433.29
434,10,394.08
434,11,479.9
434,12,429.89
435,1,116.56
435,2,146.83
435,3,113.7
435,4,96.43
435,5,110.18
435,6,150.8
435,7,110.6
435,8,88.92
435,9,113.41
435,10,128.69
435,11,125.09
435,12,125.58
436,1,407.26
436,2,372.29
436,3,371.41
436,4,370.41
436,5,361.74
436,6,439.54
436,7,414.27
436,8,389.7
436,9,429.53
436,10,343.62
436,11,349.08
436,12,323.66
437,1,211.0
437,2,380.71
437,3,438.7
437,4,417.48
437,5,406.13
437,6,430.9
437,7,426.87
437,8,400.63
437,9,399.27
437,10,377.78
437,11,434.17
437,12,387.39
438,1,240.2
438,2,206.82
438,3,229.1
438,4,291.84
438,5,218.72
438,6,226.09
438,7,215.02
438,8,252.28
438,9,311.56
438,10,251.02
438,11,257.0
438,12,231.14
439,1,463.89
439,2,445.63
439,3,482.02
439,4,445.29
439,5,508.78
439,6,478.27
439,7,475.67
439,8,500.68
439,9,509.92
439,10,480.4
439,11,457.86
439,12,427.78
440,1,312.57
440,2,375.8
440,3,364.56
440,4,362.79
440,5,273.87
440,6,336.24
440,7,331.07
440,8,323.38
440,9,339.54
440,10,318.21
440,11,358.46
440,12,375.0
441,1,154.97
441,2,54.63
441,3,154.87
441,4,137.7
441,5,150.06
441,6,40.93
441,7,26.3
441,8,192.41
441,9,175.46
441,10,117.04
441,11,157.52
441,12,173.04
442,1,32.36
442,2,131.9
442,3,136.9
442,4,157.79
442,5,170.71
442,6,115.56
442,7,78.98
442,8,42.35
442,9,146.81
442,10,145.48
442,11,128.2
442,12,141.74
443,1,470.48
443,2,440.32
443,3,464.61
443,4,428.22
443,5,148.73
443,6,444.97
443,7,448.89
443,8,424.05
443,9,460.01
443,10,475.73
443,11,401.44
443,12,430.34
444,1,76.47
444,2,43.23
444,3,152.02
444,4,160.85
444,5,126.66
444,6,136.47
444,7,135.67
444,8,178.65
444,9,136.64
444,10,210.48
444,11,160.93
444,12,109.73
445,1,358.41
445,2,165.34
445,3,303.88
445,4,313.33
445,5,283.5
445,6,291.4
445,7,340.63
445,8,304.19
445,9,383.13
445,10,331.13
445,11,288.42
445,12,294.7
446,1,393.09
446,2,359.26
446,3,375.42
446,4,408.87
446,5,388.4
446,6,388.47
446,7,137.79
446,8,437.77
446,9,404.44
446,10,432.16
446,11,399.39
446,12,415.32
447,1,333.87
447,2,342.41
447,3,354.32
447,4,428.62
447,5,412.0
447,6,368.25
447,7,390.98
447,8,361.65
447,9,392.93
447,10,347.86
447,11,404.51
447,12,356.51
448,1,302.96
448,2,313.2
448,3,268.17
448,4,128.14
448,5,311.75
448,6,97.68
448,7,271.76
448,8,313.41
448,9,268.64
448,10,353.52
448,11,70.73
448,12,309.31
449,1,368.53
449,2,380.14
449,3,410.91
449,4,400.41
449,5,368.23
449,6,389.54
449,7,417.7
449,8,374.0
449,9,370.73
449,10,323.31
449,11,371.63
449,12,327.81
450,1,108.94
450,2,265.41
450,3,243.94
450,4,263.7
450,5,275.63
450,6,263.75
450,7,251.19
450,8,213.05
450,9,242.92
450,10,227.01
450,11,232.68
450,12,231.76
451,1,486.27
451,2,394.49
451,3,427.21
451,4,402.92
451,5,435.91
451,6,388.77
451,7,452.21
451,8,488.08
451,9,401.81
451,10,463.51
451,11,415.54
451,12,472.17
452,1,328.58
452,2,339.21
452,3,276.4
452,4,285.38
452,5,270.38
452,6,304.48
452,7,326.75
452,8,240.72
452,9,305.28
452,10,284.7
452,11,296.4
452,12,106.15
453,1,370.59
453,2,315.79
453,3,183.7
453,4,437.02
453,5,367.68
453,6,369.66
453,7,348.82
453,8,389.44
453,9,354.87
453,10,405.65
453,11,355.27
453,12,385.25
454,1,210.84
454,2,176.55
454,3,201.1
454,4,237.1
454,5,184.7
454,6,207.02
454,7,179.91
454,8,172.48
454,9,205.45
454,10,213.21
454,11,267.82
454,12,194.34
455,1,478.14
455,2,493.36
455,3,534.3
455,4,427.81
455,5,461.92
455,6,443.66
455,7,483.28
455,8,466.15
455,9,433.45
455,10,458.33
455,11,489.41
455,12,418.89
456,1,346.88
456,2,304.96
456,3,330.04
456,4,124.04
456,5,356.4
456,6,294.96
456,7,352.05
456,8,295.09
456,9,235.14
456,10,321.39
456,11,368.9
456,12,363.92
457,1,235.55
457,2,277.13
457,3,282.8
457,4,237.41
457,5,277.76
457,6,312.2
457,7,274.27
457,8,293.26
457,9,293.48
457,10,285.64
457,11,264.84
457,12,305.76
458,1,367.34
458,2,312.48
458,3,294.87
458,4,312.74
458,5,363.24
458,6,364.0
458,7,381.99
458,8,366.09
458,9,380.99
458,10,358.49
458,11,393.44
458,12,389.83
459,1,453.47
459,2,489.68
459,3,481.53
459,4,501.26
459,5,487.7
459,6,452.38
459,7,112.1
459,8,463.86
459,9,434.51
459,10,444.85
459,11,479.67
459,12,528.71
460,1,124.05
460,2,69.61
460,3,131.95
460,4,90.59
460,5,173.33
460,6,137.72
460,7,110.0
460,8,99.64
460,9,118.85
460,10,140.38
460,11,121.24
460,12,39.15
461,1,241.18
461,2,212.9
461,3,193.64
461,4,212.14
461,5,196.96
461,6,238.2
461,7,271.48
461,8,247.78
461,9,305.88
461,10,176.39
461,11,207.82
461,12,194.71
462,1,341.47
462,2,359.53
462,3,339.45
462,4,367.26
462,5,329.18
462,6,350.19
462,7,299.29
462,8,336.9
462,9,365.02
462,10,316.99
462,11,338.4
462,12,275.85
463,1,481.08
463,2,475.42
463,3,472.65
463,4,478.29
463,5,507.69
463,6,471.29
463,7,459.78
463,8,468.57
463,9,494.38
463,10,519.36
463,11,458.16
463,12,479.97
464,1,160.24
464,2,189.05
464,3,166.4
464,4,165.65
464,5,98.79
464,6,178.42
464,7,159.67
464,8,174.25
464,9,163.5
464,10,141.23
464,11,184.83
464,12,163.94
465,1,177.92
465,2,239.72
465,3,218.92
465,4,256.18
465,5,196.31
465,6,230.63
465,7,275.0
465,8,225.71
465,9,188.85
465,10,253.73
465,11,228.4
465,12,240.42
466,1,226.34
466,2,234.37
466,3,43.43
466,4,201.38
466,5,213.11
466,6,238.97
466,7,179.26
466,8,273.51
466,9,241.25
466,10,207.92
466,11,248.4
466,12,260.67
467,1,139.24
467,2,90.91
467,3,143.56
467,4,33.9
467,5,130.88
467,6,150.94
467,7,93.02
467,8,109.47
467,9,143.72
467,10,192.95
467,11,125.86
467,12,147.73
468,1,380.95
468,2,352.96
468,3,454.88
468,4,178.07
468,5,418.06
468,6,453.34
468,7,124.37
468,8,393.07
468,9,425.65
468,10,384.11
468,11,379.13
468,12,432.15
469,1,150.96
469,2,189.79
469,3,252.97
469,4,290.75
469,5,113.16
469,6,184.85
469,7,216.27
469,8,264.86
469,9,263.77
469,10,275.18
469,11,231.57
469,12,262.8
470,1,237.53
470,2,242.22
470,3,256.19
470,4,237.6
470,5,293.66
470,6,235.52
470,7,77.76
470,8,329.01
470,9,285.61
470,10,282.52
470,11,324.72
470,12,306.37
471,1,112.09
471,2,79.77
471,3,126.73
471,4,131.03
471,5,134.82
471,6,170.86
471,7,27.31
471,8,126.41
471,9,96.9
471,10,154.62
471,11,135.53
471,12,117.4
472,1,47.42
472,2,23.11
472,3,134.17
472,4,200.64
472,5,59.24
472,6,120.38
472,7,63.59
472,8,95.18
472,9,64.11
472,10,126.79
472,11,145.81
472,12,134.29
473,1,139.29
473,2,184.83
473,3,138.8
473,4,213.17
473,5,138.97
473,6,92.14
473,7,142.33
473,8,158.16
473,9,198.47
473,10,128.25
473,11,128.84
473,12,81.39
474,1,381.66
474,2,351.35
474,3,401.43
474,4,400.59
474,5,154.27
474,6,391.94
474,7,393.21
474,8,394.8
474,9,437.86
474,10,87.01
474,11,404.08
474,12,408.5
475,1,363.13
475,2,390.08
475,3,372.95
475,4,405.0
475,5,375.05
475,6,437.14
475,7,367.73
475,8,359.96
475,9,386.38
475,10,408.34
475,11,408.1
475,12,381.0
476,1,530.71
476,2,542.16
476,3,525.67
476,4,479.0
476,5,420.06
476,6,504.39
476,7,557.75
476,8,140.34
476,9,435.31
476,10,474.75
476,11,489.49
476,12,462.06
477,1,156.84
477,2,211.21
477,3,191.26
477,4,192.35
477,5,41.69
477,6,201.73
477,7,159.87
477,8,165.24
477,9,188.63
477,10,261.22
477,11,191.14
477,12,108.94
478,1,224.89
478,2,188.12
478,3,216.53
478,4,238.23
478,5,249.87
478,6,171.55
478,7,227.61
478,8,193.08
478,9,203.0
478,10,245.38
478,11,242.39
478,12,89.0
479,1,265.55
479,2,201.81
479,3,239.74
479,4,233.35
479,5,201.27
479,6,258.4
479,7,222.75
479,8,264.58
479,9,207.71
479,10,186.18
479,11,222.72
479,12,236.96
480,1,165.97
480,2,218.98
480,3,134.0
480,4,139.16
480,5,188.1
480,6,184.76
480,7,162.5
480,8,208.29
480,9,199.93
480,10,209.74
480,11,180.31
480,12,202.08
481,1,330.0
481,2,361.71
481,3,351.9
481,4,292.3
481,5,280.54
481,6,334.41
481,7,364.72
481,8,335.64
481,9,329.37
481,10,318.48
481,11,287.28
481,12,298.18
482,1,476.74
482,2,468.65
482,3,445.06
482,4,484.2
482,5,488.79
482,6,443.95
482,7,493.59
482,8,487.0
482,9,510.4
482,10,516.37
482,11,482.83
482,12,448.91
483,1,447.71
483,2,382.93
483,3,376.09
483,4,401.23
483,5,413.05
483,6,388.18
483,7,416.13
483,8,113.47
483,9,370.05
483,10,415.56
483,11,425.91
483,12,405.14
484,1,252.03
484,2,251.89
484,3,257.61
484,4,253.99
484,5,257.63
484,6,282.67
484,7,264.22
484,8,234.89
484,9,242.06
484,10,281.91
484,11,248.37
484,12,233.78
485,1,84.17
485,2,169.34
485,3,139.67
485,4,181.79
485,5,179.14
485,6,233.7
485,7,198.72
485,8,184.17
485,9,202.15
485,10,170.97
485,11,172.74
485,12,224.77
486,1,146.24
486,2,118.14
486,3,120.87
486,4,84.28
486,5,111.98
486,6,103.35
486,7,136.45
486,8,93.06
486,9,90.18
486,10,125.52
486,11,175.4
486,12,110.72
487,1,514.2
487,2,483.71
487,3,459.38
487,4,490.51
487,5,146.66
487,6,180.13
487,7,480.96
487,8,469.15
487,9,497.31
487,10,489.76
487,11,443.45
487,12,440.43
488,1,386.86
488,2,320.7
488,3,383.52
488,4,372.7
488,5,396.52
488,6,340.24
488,7,390.88
488,8,365.79
488,9,413.98
488,10,444.58
488,11,407.15
488,12,375.42
489,1,225.35
489,2,228.6
489,3,299.94
489,4,319.01
489,5,255.84
489,6,307.46
489,7,232.85
489,8,240.05
489,9,299.72
489,10,280.12
489,11,304.19
489,12,135.0
490,1,252.26
490,2,275.05
490,3,242.73
490,4,214.0
490,5,273.13
490,6,215.78
490,7,300.27
490,8,262.82
490,9,228.03
490,10,279.26
490,11,245.72
490,12,239.36
491,1,155.09
491,2,174.28
491,3,171.03
491,4,191.17
491,5,189.93
491,6,217.17
491,7,195.01
491,8,203.09
491,9,205.95
491,10,201.36
491,11,215.1
491,12,190.33
492,1,190.97
492,2,220.38
492,3,202.62
492,4,219.52
492,5,74.71
492,6,195.38
492,7,227.29
492,8,288.7
492,9,223.03
492,10,254.41
492,11,220.43
492,12,178.04
493,1,35.17
493,2,186.89
493,3,225.13
493,4,129.18
493,5,171.03
493,6,133.2
493,7,186.23
493,8,117.04
493,9,169.42
493,10,128.81
493,11,148.79
493,12,124.07
494,1,243.61
494,2,295.5
494,3,282.87
494,4,232.02
494,5,262.9
494,6,245.83
494,7,297.51
494,8,307.15
494,9,225.75
494,10,293.8
494,11,244.3
494,12,261.41
495,1,390.41
495,2,339.72
495,3,388.95
495,4,425.19
495,5,423.08
495,6,442.28
495,7,390.1
495,8,449.43
495,9,407.55
495,10,420.13
495,11,429.11
495,12,360.55
496,1,115.84
496,2,91.39
496,3,139.03
496,4,174.48
496,5,110.03
496,6,186.97
496,7,158.7
496,8,143.7
496,9,125.93
496,10,128.02
496,11,151.91
496,12,164.38
497,1,378.07
497,2,333.77
497,3,412.07
497,4,337.02
497,5,323.0
497,6,307.12
497,7,389.62
497,8,353.69
497,9,338.62
497,10,308.78
497,11,341.32
497,12,424.44
498,1,318.77
498,2,269.06
498,3,320.3
498,4,342.15
498,5,278.46
498,6,270.02
498,7,363.38
498,8,297.65
498,9,350.08
498,10,311.38
498,11,311.14
498,12,329.15
499,1,175.68
499,2,169.68
499,3,225.89
499,4,212.97
499,5,220.98
499,6,203.89
499,7,186.69
499,8,238.43
499,9,146.11
499,10,195.95
499,11,243.59
499,12,192.97
500,1,181.47
500,2,137.65
500,3,175.69
500,4,153.62
500,5,110.81
500,6,141.51
500,7,42.94
500,8,162.08
500,9,140.79
500,10,85.25
500,11,88.12
500,12,94.5
501,1,455.91
501,2,442.11
501,3,383.29
501,4,410.99
501,5,433.22
501,6,424.11
501,7,179.81
501,8,392.51
501,9,423.51
501,10,393.5
501,11,473.14
501,12,446.84
502,1,302.76
502,2,290.02
502,3,84.08
502,4,281.46
502,5,222.02
502,6,237.88
502,7,232.1
502,8,214.21
502,9,263.52
502,10,237.78
502,11,219.7
502,12,194.86
503,1,546.49
503,2,445.43
503,3,449.5
503,4,489.9
503,5,472.22
503,6,453.28
503,7,494.81
503,8,464.77
503,9,464.55
503,10,472.92
503,11,413.98
503,12,418.2
504,1,174.26
504,2,169.74
504,3,182.31
504,4,234.53
504,5,227.32
504,6,195.36
504,7,226.59
504,8,124.94
504,9,219.75
504,10,162.44
504,11,249.01
504,12,164.07
505,1,460.67
505,2,461.02
505,3,470.66
505,4,503.24
505,5,471.92
505,6,502.32
505,7,502.95
505,8,480.9
505,9,493.12
505,10,479.16
505,11,485.68
505,12,470.73
506,1,239.14
506,2,293.93
506,3,139.1
506,4,314.0
506,5,294.38
506,6,273.08
506,7,316.32
506,8,276.35
506,9,313.98
506,10,310.23
506,11,310.53
506,12,286.79
507,1,139.2
507,2,166.06
507,3,166.02
507,4,151.82
507,5,126.13
507,6,159.25
507,7,134.24
507,8,104.54
507,9,124.9
507,10,69.3
507,11,164.31
507,12,131.49
508,1,289.81
508,2,333.63
508,3,322.09
508,4,348.33
508,5,345.32
508,6,348.02
508,7,293.45
508,8,340.23
508,9,340.96
508,10,131.84
508,11,311.44
508,12,277.32
509,1,520.55
509,2,478.62
509,3,523.26
509,4,454.67
509,5,505.36
509,6,468.99
509,7,499.04
509,8,516.0
509,9,509.03
509,10,495.08
509,11,451.65
509,12,514.91
510,1,470.76
510,2,475.83
510,3,383.58
510,4,471.35
510,5,417.68
510,6,467.71
510,7,439.95
510,8,442.86
510,9,436.45
510,10,478.36
510,11,404.81
510,12,460.24
511,1,222.44
511,2,273.37
511,3,202.47
511,4,293.13
511,5,226.84
511,6,256.27
511,7,239.09
511,8,240.71
511,9,184.22
511,10,212.81
511,11,262.88
511,12,216.67
512,1,178.45
512,2,175.86
512,3,164.54
512,4,141.98
512,5,197.27
512,6,144.55
512,7,138.06
512,8,186.33
512,9,164.37
512,10,200.73
512,11,158.12
512,12,140.47
513,1,321.22
513,2,345.59
513,3,164.09
513,4,344.05
513,5,349.95
513,6,351.27
513,7,336.03
513,8,387.18
513,9,313.92
513,10,327.37
513,11,432.4
513,12,317.86
514,1,372.63
514,2,347.52
514,3,396.94
514,4,373.53
514,5,398.21
514,6,361.47
514,7,358.04
514,8,355.61
514,9,389.88
514,10,357.59
514,11,371.91
514,12,362.45
515,1,158.73
515,2,97.24
515,3,85.75
515,4,175.48
515,5,80.62
515,6,135.55
515,7,128.97
515,8,126.2
515,9,50.12
515,10,119.67
515,11,151.87
515,12,144.23
516,1,181.19
516,2,210.6
516,3,174.52
516,4,154.2
516,5,204.19
516,6,148.95
516,7,182.01
516,8,169.63
516,9,49.54
516,10,217.92
516,11,179.3
516,12,203.44
517,1,391.54
517,2,403.2
517,3,420.18
517,4,445.04
517,5,406.27
517,6,364.33
517,7,432.28
517,8,429.65
517,9,348.74
517,10,406.89
517,11,359.3
517,12,387.06
518,1,293.71
518,2,250.12
518,3,305.63
518,4,278.8
518,5,243.52
518,6,256.72
518,7,287.35
518,8,251.03
518,9,266.66
518,10,250.61
518,11,318.77
518,12,323.93
519,1,283.85
519,2,305.63
519,3,324.19
519,4,249.86
519,5,271.18
519,6,345.44
519,7,289.26
519,8,325.96
519,9,282.4
519,10,293.15
519,11,349.56
519,12,309.13
520,1,320.41
520,2,268.96
520,3,250.83
520,4,269.68
520,5,258.68
520,6,307.78
520,7,289.88
520,8,346.41
520,9,312.04
520,10,155.27
520,11,247.88
520,12,192.41
521,1,398.21
521,2,457.25
521,3,453.28
521,4,463.5
521,5,449.13
521,6,522.88
521,7,483.52
521,8,453.01
521,9,220.63
521,10,122.6
521,11,496.7
521,12,426.11
522,1,220.94
522,2,254.64
522,3,66.74
522,4,236.45
522,5,195.83
522,6,196.82
522,7,53.27
522,8,243.9
522,9,212.74
522,10,196.46
522,11,247.32
522,12,277.78
523,1,121.85
523,2,334.94
523,3,308.37
523,4,287.48
523,5,304.34
523,6,359.62
523,7,313.56
523,8,334.83
523,9,321.21
523,10,322.49
523,11,323.64
523,12,329.86
524,1,488.83
524,2,411.95
524,3,368.93
524,4,371.96
524,5,421.4
524,6,414.56
524,7,394.47
524,8,425.6
524,9,341.08
524,10,425.62
524,11,410.13
524,12,373.12
525,1,428.68
525,2,498.18
525,3,484.72
525,4,459.89
525,5,499.93
525,6,482.41
525,7,526.41
525,8,515.04
525,9,546.18
525,10,474.5
525,11,530.9
525,12,454.02
526,1,517.96
526,2,478.26
526,3,524.06
526,4,500.74
526,5,449.3
526,6,528.74
526,7,532.54
526,8,225.2
526,9,463.15
526,10,476.82
526,11,490.36
526,12,464.89
527,1,397.64
527,2,441.46
527,3,392.53
527,4,440.03
527,5,453.27
527,6,446.15
527,7,417.65
527,8,436.25
527,9,436.53
527,10,447.98
527,11,424.29
527,12,455.93
528,1,105.53
528,2,125.07
528,3,136.32
528,4,99.17
528,5,130.15
528,6,151.35
528,7,112.33
528,8,121.04
528,9,133.51
528,10,135.54
528,11,145.35
528,12,88.57
529,1,152.86
529,2,116.12
529,3,168.33
529,4,165.64
529,5,147.47
529,6,39.27
529,7,174.38
529,8,157.03
529,9,124.93
529,10,140.07
529,11,162.71
529,12,85.03
530,1,212.34
530,2,160.59
530,3,208.31
530,4,246.35
530,5,184.68
530,6,155.33
530,7,198.52
530,8,161.92
530,9,146.27
530,10,170.96
530,11,178.22
530,12,163.38
531,1,457.47
531,2,455.49
531,3,401.15
531,4,446.61
531,5,455.1
531,6,438.96
531,7,461.86
531,8,457.78
531,9,438.95
531,10,424.68
531,11,471.28
531,12,453.89
532,1,268.83
532,2,308.05
532,3,289.09
532,4,285.04
532,5,68.98
532,6,260.98
532,7,335.19
532,8,200.77
532,9,313.74
532,10,297.06
532,11,277.45
532,12,272.4
533,1,409.6
533,2,444.08
533,3,429.53
533,4,400.67
533,5,480.09
533,6,417.33
533,7,380.79
533,8,475.84
533,9,420.87
533,10,417.77
533,11,383.04
533,12,488.23
534,1,142.73
534,2,22.09
534,3,173.68
534,4,44.01
534,5,85.39
534,6,147.79
534,7,134.91
534,8,115.84
534,9,95.36
534,10,133.43
534,11,120.69
534,12,96.32
535,1,300.79
535,2,262.28
535,3,100.91
535,4,139.49
535,5,271.09
535,6,288.16
535,7,93.54
535,8,323.42
535,9,268.83
535,10,218.33
535,11,239.59
535,12,98.27
536,1,331.97
536,2,363.38
536,3,357.38
536,4,321.11
536,5,326.78
536,6,272.94
536,7,364.5
536,8,349.19
536,9,383.96
536,10,330.02
536,11,369.43
536,12,144.32
537,1,153.19
537,2,164.19
537,3,187.47
537,4,136.64
537,5,164.09
537,6,174.76
537,7,143.03
537,8,229.9
537,9,150.4
537,10,155.92
537,11,146.65
537,12,229.95
538,1,241.69
538,2,305.02
538,3,263.74
538,4,259.74
538,5,83.17
538,6,71.85
538,7,299.29
538,8,77.51
538,9,294.65
538,10,299.47
538,11,301.44
538,12,276.17
539,1,249.94
539,2,240.45
539,3,234.68
539,4,257.54
539,5,230.82
539,6,195.34
539,7,186.78
539,8,248.53
539,9,229.58
539,10,191.13
539,11,246.2
539,12,240.18
540,1,199.7
540,2,252.4
540,3,176.16
540,4,204.97
540,5,185.17
540,6,118.16
540,7,186.2
540,8,163.91
540,9,190.0
540,10,191.21
540,11,203.56
540,12,176.09
541,1,491.3
541,2,462.3
541,3,474.14
541,4,443.65
541,5,439.49
541,6,483.32
541,7,455.11
541,8,423.7
541,9,443.65
541,10,448.01
541,11,500.24
541,12,482.37
542,1,258.03
542,2,219.44
542,3,208.99
542,4,146.25
542,5,200.05
542,6,184.54
542,7,222.79
542,8,186.39
542,9,242.26
542,10,257.25
542,11,223.07
542,12,194.48
543,1,150.87
543,2,98.29
543,3,139.18
543,4,149.86
543,5,150.03
543,6,115.54
543,7,48.1
543,8,120.82
543,9,138.45
543,10,104.57
543,11,159.34
543,12,132.8
544,1,393.34
544,2,416.6
544,3,415.98
544,4,368.85
544,5,398.14
544,6,396.5
544,7,381.52
544,8,396.21
544,9,385.61
544,10,389.74
544,11,344.32
544,12,357.46
545,1,165.48
545,2,246.01
545,3,171.94
545,4,220.27
545,5,191.28
545,6,167.13
545,7,161.69
545,8,173.13
545,9,189.77
545,10,210.05
545,11,177.87
545,12,176.75
546,1,329.63
546,2,255.71
546,3,265.11
546,4,273.05
546,5,279.57
546,6,267.7
546,7,283.23
546,8,303.06
546,9,314.1
546,10,312.64
546,11,236.75
546,12,139.76
547,1,377.23
547,2,402.92
547,3,320.73
547,4,306.98
547,5,357.98
547,6,354.88
547,7,379.01
547,8,374.43
547,9,356.98
547,10,389.48
547,11,337.57
547,12,364.35
548,1,309.16
548,2,292.72
548,3,68.53
548,4,278.08
548,5,319.06
548,6,283.26
548,7,284.74
548,8,275.03
548,9,303.53
548,10,270.36
548,11,312.29
548,12,249.04
549,1,221.92
549,2,202.15
549,3,88.93
549,4,211.06
549,5,217.21
549,6,250.14
549,7,210.22
549,8,230.07
549,9,45.38
549,10,49.36
549,11,172.81
549,12,154.87
550,1,238.88
550,2,179.87
550,3,168.78
550,4,178.16
550,5,238.77
550,6,216.46
550,7,212.4
550,8,213.43
550,9,188.28
550,10,217.31
550,11,176.39
550,12,266.63
551,1,380.69
551,2,350.48
551,3,367.66
551,4,348.37
551,5,365.85
551,6,351.57
551,7,349.22
551,8,352.9
551,9,440.83
551,10,376.07
551,11,429.58
551,12,351.76
552,1,401.44
552,2,439.27
552,3,447.58
552,4,150.33
552,5,463.84
552,6,382.89
552,7,418.66
552,8,428.26
552,9,416.91
552,10,419.05
552,11,492.13
552,12,410.47
553,1,461.36
553,2,424.98
553,3,532.48
553,4,450.86
553,5,513.47
553,6,530.46
553,7,506.39
553,8,501.97
553,9,507.03
553,10,520.12
553,11,512.61
553,12,458.5
554,1,492.23
554,2,425.51
554,3,100.06
554,4,457.63
554,5,465.67
554,6,119.06
554,7,484.08
554,8,473.53
554,9,403.48
554,10,461.63
554,11,439.46
554,12,484.33
555,1,369.24
555,2,357.69
555,3,158.14
555,4,289.69
555,5,70.44
555,6,316.56
555,7,325.4
555,8,365.94
555,9,240.61
555,10,127.93
555,11,318.17
555,12,294.09
556,1,165.71
556,2,264.17
556,3,191.0
556,4,207.1
556,5,240.33
556,6,315.87
556,7,172.67
556,8,223.49
556,9,188.77
556,10,193.84
556,11,188.39
556,12,176.23
557,1,386.95
557,2,412.83
557,3,384.53
557,4,425.9
557,5,419.1
557,6,108.82
557,7,411.04
557,8,156.19
557,9,386.38
557,10,402.66
557,11,458.41
557,12,412.54
558,1,222.4
558,2,277.9
558,3,275.06
558,4,204.42
558,5,210.35
558,6,319.82
558,7,295.53
558,8,242.05
558,9,250.72
558,10,224.07
558,11,255.97
558,12,221.48
559,1,72.88
559,2,281.26
559,3,292.98
559,4,260.9
559,5,215.22
559,6,276.1
559,7,87.59
559,8,244.54
559,9,254.1
559,10,307.88
559,11,282.53
559,12,233.74
560,1,125.49
560,2,123.47
560,3,166.17
560,4,123.59
560,5,171.76
560,6,94.46
560,7,153.34
560,8,182.39
560,9,163.24
560,10,76.98
560,11,113.85
560,12,125.74
561,1,105.62
561,2,325.54
561,3,258.5
561,4,273.38
561,5,349.56
561,6,316.66
561,7,293.13
561,8,316.78
561,9,90.77
561,10,346.74
561,11,279.63
561,12,282.25
562,1,236.5
562,2,209.96
562,3,217.97
562,4,192.74
562,5,208.85
562,6,219.12
562,7,185.65
562,8,200.68
562,9,201.25
562,10,227.79
562,11,66.83
562,12,201.45
563,1,273.28
563,2,177.07
563,3,214.7
563,4,189.51
563,5,237.05
563,6,203.17
563,7,235.4
563,8,233.24
563,9,241.41
563,10,233.74
563,11,211.28
563,12,176.07
564,1,275.61
564,2,67.44
564,3,267.74
564,4,230.95
564,5,45.95
564,6,211.38
564,7,268.32
564,8,214.65
564,9,241.01
564,10,254.16
564,11,285.86
564,12,238.65
565,1,503.38
565,2,179.74
565,3,456.07
565,4,466.06
565,5,498.07
565,6,459.18
565,7,474.85
565,8,165.94
565,9,498.56
565,10,421.67
565,11,496.44
565,12,467.99
566,1,349.11
566,2,346.86
566,3,382.33
566,4,352.74
566,5,329.22
566,6,360.03
566,7,343.11
566,8,316.24
566,9,156.97
566,10,356.93
566,11,352.17
566,12,359.91
567,1,141.41
567,2,188.97
567,3,115.22
567,4,99.08
567,5,102.04
567,6,121.54
567,7,160.65
567,8,161.02
567,9,110.32
567,10,119.59
567,11,93.65
567,12,96.78
568,1,148.51
568,2,150.75
568,3,131.18
568,4,205.06
568,5,151.72
568,6,140.65
568,7,143.85
568,8,186.08
568,9,179.2
568,10,33.11
568,11,162.97
568,12,170.3
569,1,359.73
569,2,440.09
569,3,450.55
569,4,375.94
569,5,426.85
569,6,448.72
569,7,403.53
569,8,437.21
569,9,333.44
569,10,449.95
569,11,417.9
569,12,409.27
570,1,228.36
570,2,265.92
570,3,214.8
570,4,185.27
570,5,281.63
570,6,49.93
570,7,177.96
570,8,270.77
570,9,201.7
570,10,208.22
570,11,254.64
570,12,264.85
571,1,134.84
571,2,211.4
571,3,197.96
571,4,213.64
571,5,200.02
571,6,237.8
571,7,192.76
571,8,171.31
571,9,186.29
571,10,213.3
571,11,152.62
571,12,156.44
572,1,174.76
572,2,224.54
572,3,193.06
572,4,232.69
572,5,284.08
572,6,236.99
572,7,132.96
572,8,201.53
572,9,192.57
572,10,200.19
572,11,229.05
572,12,312.69
573,1,375.15
573,2,298.0
573,3,331.3
573,4,158.88
573,5,266.21
573,6,336.72
573,7,344.71
573,8,333.16
573,9,316.6
573,10,283.99
573,11,101.18
573,12,315.04
574,1,200.42
574,2,132.54
574,3,192.84
574,4,148.0
574,5,213.6
574,6,150.05
574,7,135.79
574,8,181.62
574,9,147.93
574,10,135.76
574,11,146.66
574,12,159.66
575,1,43.49
575,2,146.01
575,3,104.67
575,4,114.94
575,5,96.87
575,6,83.98
575,7,128.77
575,8,35.14
575,9,145.05
575,10,74.44
575,11,151.22
575,12,151.75
576,1,409.44
576,2,451.83
576,3,443.96
576,4,459.16
576,5,444.92
576,6,504.95
576,7,390.18
576,8,468.08
576,9,483.84
576,10,480.05
576,11,482.62
576,12,486.93
577,1,506.71
577,2,501.67
577,3,495.74
577,4,499.48
577,5,525.71
577,6,463.47
577,7,506.28
577,8,486.69
577,9,464.51
577,10,473.01
577,11,482.57
577,12,450.2
578,1,491.56
578,2,460.16
578,3,444.49
578,4,451.6
578,5,453.95
578,6,224.91
578,7,500.24
578,8,469.79
578,9,494.61
578,10,430.06
578,11,219.14
578,12,437.27
579,1,446.98
579,2,483.1
579,3,470.05
579,4,100.57
579,5,539.22
579,6,516.19
579,7,404.56
579,8,450.7
579,9,536.79
579,10,446.76
579,11,526.63
579,12,451.21
580,1,272.5
580,2,255.87
580,3,312.26
580,4,214.62
580,5,263.19
580,6,260.95
580,7,283.4
580,8,233.68
580,9,206.69
580,10,263.7
580,11,267.44
580,12,303.69
581,1,296.52
581,2,249.3
581,3,269.38
581,4,247.77
581,5,324.37
581,6,278.24
581,7,219.5
581,8,308.58
581,9,52.99
581,10,253.41
581,11,267.05
581,12,269.5
582,1,368.61
582,2,349.18
582,3,293.29
582,4,365.99
582,5,300.83
582,6,353.43
582,7,301.82
582,8,311.8
582,9,306.31
582,10,339.17
582,11,329.13
582,12,350.27
583,1,364.29
583,2,380.33
583,3,344.01
583,4,342.09
583,5,392.65
583,6,358.69
583,7,346.39
583,8,352.7
583,9,392.97
583,10,353.13
583,11,368.47
583,12,372.45
584,1,120.92
584,2,279.29
584,3,308.17
584,4,262.02
584,5,298.87
584,6,291.43
584,7,270.16
584,8,55.36
584,9,367.74
584,10,250.1
584,11,289.97
584,12,328.68
585,1,240.34
585,2,90.07
585,3,235.51
585,4,239.47
585,5,252.0
585,6,236.01
585,7,296.15
585,8,196.71
585,9,255.63
585,10,231.76
585,11,233.06
585,12,208.62
586,1,475.24
586,2,500.73
586,3,490.95
586,4,434.12
586,5,518.61
586,6,532.19
586,7,465.69
586,8,423.7
586,9,504.13
586,10,460.81
586,11,497.06
586,12,547.07
587,1,243.47
587,2,302.08
587,3,322.15
587,4,288.23
587,5,338.09
587,6,273.88
587,7,263.36
587,8,292.98
587,9,292.52
587,10,105.45
587,11,271.75
587,12,336.04
588,1,83.96
588,2,267.8
588,3,226.09
588,4,202.83
588,5,198.79
588,6,234.28
588,7,223.81
588,8,55.96
588,9,214.94
588,10,208.72
588,11,270.86
588,12,236.91
589,1,375.24
589,2,436.12
589,3,445.86
589,4,392.68
589,5,380.58
589,6,391.93
589,7,429.86
589,8,397.1
589,9,410.98
589,10,382.8
589,11,96.21
589,12,417.2
590,1,187.49
590,2,189.83
590,3,205.49
590,4,196.32
590,5,225.72
590,6,160.6
590,7,185.46
590,8,265.18
590,9,191.15
590,10,256.3
590,11,229.66
590,12,164.72
591,1,249.26
591,2,211.61
591,3,222.79
591,4,240.34
591,5,189.13
591,6,279.89
591,7,246.69
591,8,225.72
591,9,208.96
591,10,224.84
591,11,163.19
591,12,272.46
592,1,175.25
592,2,177.04
592,3,166.9
592,4,115.87
592,5,168.54
592,6,204.32
592,7,150.01
592,8,180.36
592,9,193.55
592,10,140.71
592,11,154.46
592,12,137.46
593,1,266.25
593,2,198.89
593,3,253.82
593,4,230.65
593,5,221.85
593,6,302.38
593,7,188.47
593,8,204.8
593,9,226.3
593,10,299.47
593,11,226.37
593,12,235.23
594,1,198.49
594,2,183.69
594,3,234.88
594,4,245.29
594,5,206.89
594,6,262.68
594,7,193.43
594,8,261.95
594,9,233.87
594,10,180.29
594,11,276.45
594,12,203.67
595,1,118.35
595,2,171.41
595,3,206.2
595,4,144.53
595,5,177.38
595,6,211.0
595,7,142.67
595,8,137.62
595,9,143.19
595,10,198.03
595,11,171.29
595,12,214.34
596,1,167.95
596,2,165.7
596,3,158.41
596,4,145.9
596,5,158.35
596,6,211.03
596,7,143.15
596,8,188.2
596,9,133.41
596,10,125.56
596,11,250.29
596,12,168.2
597,1,515.86
597,2,455.32
597,3,558.48
597,4,470.68
597,5,140.63
597,6,542.94
597,7,555.04
597,8,521.18
597,9,481.86
597,10,500.83
597,11,246.74
597,12,503.07
598,1,76.25
598,2,230.82
598,3,286.15
598,4,254.91
598,5,244.45
598,6,214.4
598,7,266.0
598,8,65.73
598,9,204.72
598,10,240.45
598,11,164.93
598,12,255.33
599,1,373.41
599,2,305.0
599,3,94.59
599,4,342.48
599,5,315.28
599,6,343.19
599,7,315.84
599,8,362.87
599,9,321.14
599,10,358.9
599,11,392.86
599,12,381.47
600,1,210.82
600,2,232.26
600,3,188.59
600,4,252.93
600,5,286.95
600,6,317.77
600,7,236.74
600,8,64.03
600,9,180.58
600,10,279.08
600,11,257.29
600,12,219.48
601,1,410.36
601,2,407.86
601,3,406.61
601,4,431.62
601,5,428.32
601,6,365.28
601,7,387.02
601,8,134.7
601,9,408.65
601,10,378.02
601,11,458.01
601,12,389.01
602,1,415.79
602,2,439.13
602,3,386.17
602,4,384.17
602,5,363.29
602,6,326.55
602,7,359.83
602,8,371.83
602,9,407.26
602,10,110.59
602,11,384.65
602,12,360.58
603,1,132.14
603,2,186.91
603,3,67.63
603,4,140.86
603,5,192.56
603,6,124.4
603,7,128.24
603,8,143.87
603,9,118.24
603,10,125.64
603,11,124.87
603,12,116.18
604,1,433.11
604,2,366.61
604,3,396.49
604,4,334.48
604,5,375.83
604,6,354.21
604,7,421.0
604,8,412.96
604,9,433.38
604,10,344.14
604,11,366.06
604,12,376.26
605,1,438.88
605,2,462.69
605,3,419.06
605,4,220.57
605,5,469.8
605,6,189.08
605,7,440.94
605,8,466.83
605,9,492.72
605,10,509.39
605,11,460.98
605,12,424.06
606,1,376.11
606,2,381.69
606,3,401.08
606,4,352.51
606,5,376.63
606,6,361.43
606,7,415.01
606,8,402.11
606,9,389.12
606,10,371.1
606,11,389.59
606,12,186.92
607,1,32.92
607,2,112.52
607,3,211.83
607,4,192.5
607,5,176.64
607,6,160.79
607,7,158.13
607,8,141.73
607,9,161.06
607,10,110.4
607,11,151.92
607,12,164.67
608,1,275.09
608,2,247.73
608,3,283.86
608,4,351.93
608,5,327.08
608,6,308.25
608,7,335.89
608,8,275.36
608,9,315.7
608,10,260.41
608,11,324.38
608,12,321.79
609,1,77.19
609,2,296.98
609,3,243.11
609,4,330.12
609,5,345.62
609,6,265.23
609,7,310.71
609,8,340.75
609,9,300.22
609,10,346.79
609,11,306.79
609,12,129.49
610,1,225.37
610,2,263.71
610,3,229.16
610,4,234.68
610,5,245.58
610,6,265.36
610,7,241.22
610,8,214.82
610,9,249.57
610,10,226.0
610,11,295.32
610,12,241.2
611,1,175.43
611,2,208.89
611,3,188.8
611,4,114.84
611,5,185.96
611,6,166.02
611,7,143.41
611,8,207.08
611,9,191.14
611,10,165.13
611,11,243.68
611,12,228.02
612,1,406.02
612,2,404.02
612,3,333.16
612,4,380.66
612,5,418.62
612,6,403.54
612,7,418.85
612,8,428.52
612,9,380.3
612,10,389.55
612,11,400.76
612,12,428.2
613,1,187.77
613,2,172.69
613,3,172.78
613,4,236.02
613,5,221.55
613,6,142.2
613,7,77.2
613,8,182.09
613,9,173.78
613,10,202.52
613,11,155.69
613,12,221.76
614,1,203.94
614,2,178.9
614,3,148.26
614,4,182.86
614,5,146.15
614,6,174.2
614,7,128.44
614,8,166.87
614,9,201.68
614,10,157.04
614,11,198.81
614,12,258.8
615,1,150.91
615,2,153.04
615,3,256.66
615,4,200.33
615,5,208.05
615,6,189.76
615,7,126.81
615,8,186.85
615,9,207.19
615,10,149.4
615,11,203.96
615,12,196.13
616,1,497.42
616,2,442.83
616,3,409.65
616,4,493.95
616,5,405.33
616,6,431.18
616,7,516.14
616,8,449.87
616,9,377.22
616,10,429.8
616,11,427.15
616,12,443.66
617,1,503.56
617,2,535.92
617,3,444.04
617,4,151.74
617,5,470.76
617,6,451.67
617,7,435.41
617,8,461.57
617,9,489.73
617,10,531.47
617,11,451.32
617,12,505.83
618,1,255.86
618,2,235.25
618,3,245.04
618,4,245.47
618,5,324.94
618,6,265.3
618,7,87.77
618,8,289.46
618,9,263.0
618,10,296.65
618,11,251.84
618,12,248.79
619,1,295.68
619,2,321.62
619,3,317.86
619,4,328.52
619,5,320.25
619,6,333.8
619,7,365.65
619,8,345.15
619,9,330.68
619,10,295.8
619,11,307.34
619,12,354.25
620,1,279.18
620,2,280.16
620,3,289.94
620,4,86.84
620,5,317.12
620,6,320.26
620,7,344.24
620,8,323.08
620,9,262.06
620,10,322.62
620,11,326.43
620,12,315.56
621,1,459.15
621,2,473.01
621,3,529.28
621,4,480.57
621,5,460.2
621,6,455.67
621,7,184.36
621,8,442.01
621,9,474.58
621,10,492.0
621,11,520.97
621,12,209.38
622,1,493.49
622,2,451.16
622,3,429.69
622,4,436.34
622,5,464.86
622,6,512.94
622,7,403.22
622,8,457.01
622,9,451.36
622,10,440.3
622,11,451.58
622,12,437.73
623,1,522.28
623,2,483.3
623,3,463.88
623,4,476.05
623,5,479.53
623,6,425.85
623,7,557.31
623,8,491.6
623,9,482.3
623,10,494.45
623,11,497.28
623,12,471.78
624,1,376.02
624,2,423.16
624,3,380.12
624,4,413.82
624,5,450.38
624,6,387.84
624,7,427.3
624,8,434.96
624,9,425.84
624,10,418.56
624,11,442.76
624,12,446.92
625,1,187.25
625,2,233.08
625,3,291.01
625,4,209.95
625,5,76.89
625,6,286.02
625,7,251.15
625,8,209.36
625,9,248.35
625,10,295.76
625,11,298.17
625,12,258.24
626,1,360.87
626,2,385.18
626,3,351.52
626,4,324.08
626,5,313.48
626,6,329.54
626,7,375.41
626,8,328.72
626,9,370.43
626,10,358.58
626,11,390.42
626,12,345.01
627,1,143.26
627,2,178.83
627,3,148.42
627,4,121.2
627,5,117.25
627,6,131.49
627,7,147.22
627,8,180.81
627,9,104.79
627,10,135.41
627,11,149.33
627,12,89.99
628,1,145.48
628,2,48.98
628,3,181.2
628,4,130.37
628,5,224.46
628,6,169.56
628,7,197.32
628,8,230.16
628,9,189.43
628,10,220.2
628,11,156.11
628,12,224.63
629,1,114.32
629,2,145.08
629,3,161.45
629,4,100.43
629,5,159.29
629,6,157.93
629,7,138.79
629,8,113.86
629,9,158.06
629,10,145.25
629,11,99.52
629,12,118.98
630,1,337.89
630,2,134.41
630,3,378.07
630,4,399.7
630,5,341.25
630,6,343.26
630,7,354.88
630,8,328.07
630,9,308.47
630,10,341.11
630,11,366.36
630,12,336.71
631,1,422.74
631,2,182.45
631,3,450.79
631,4,446.96
631,5,376.25
631,6,405.09
631,7,383.48
631,8,393.2
631,9,463.07
631,10,393.77
631,11,413.81
631,12,419.24
632,1,431.47
632,2,410.51
632,3,511.86
632,4,403.4
632,5,437.65
632,6,459.39
632,7,470.53
632,8,418.99
632,9,379.75
632,10,95.64
632,11,461.84
632,12,455.12
633,1,410.36
633,2,352.65
633,3,377.88
633,4,477.41
633,5,381.28
633,6,485.59
633,7,447.27
633,8,411.57
633,9,404.92
633,10,382.06
633,11,393.33
633,12,375.34
634,1,491.57
634,2,451.29
634,3,457.25
634,4,467.26
634,5,488.12
634,6,403.34
634,7,470.54
634,8,444.96
634,9,458.0
634,10,484.8
634,11,417.17
634,12,422.62
635,1,338.18
635,2,170.36
635,3,372.99
635,4,358.35
635,5,382.3
635,6,354.0
635,7,347.77
635,8,361.87
635,9,338.81
635,10,407.22
635,11,379.69
635,12,322.01
636,1,421.01
636,2,435.53
636,3,435.27
636,4,523.18
636,5,488.65
636,6,471.6
636,7,464.38
636,8,459.99
636,9,460.15
636,10,455.9
636,11,452.2
636,12,388.24
637,1,538.27
637,2,432.85
637,3,508.4
637,4,491.82
637,5,537.45
637,6,512.15
637,7,498.17
637,8,218.36
637,9,462.33
637,10,523.0
637,11,453.66
637,12,504.75
638,1,342.07
638,2,348.46
638,3,320.35
638,4,309.63
638,5,354.77
638,6,350.87
638,7,346.8
638,8,134.56
638,9,323.0
638,10,408.17
638,11,331.05
638,12,314.05
639,1,132.76
639,2,178.81
639,3,132.31
639,4,163.49
639,5,71.44
639,6,210.56
639,7,182.86
639,8,129.46
639,9,78.84
639,10,146.64
639,11,94.68
639,12,151.35
640,1,258.43
640,2,297.25
640,3,316.67
640,4,322.58
640,5,298.43
640,6,286.81
640,7,308.03
640,8,273.39
640,9,338.99
640,10,362.06
640,11,317.84
640,12,299.03
641,1,494.19
641,2,456.64
641,3,419.56
641,4,434.9
641,5,480.15
641,6,458.46
641,7,479.75
641,8,420.52
641,9,166.56
641,10,414.09
641,11,422.94
641,12,403.1
642,1,369.86
642,2,415.98
642,3,429.92
642,4,401.34
642,5,90.26
642,6,366.68
642,7,384.4
642,8,391.63
642,9,352.36
642,10,403.69
642,11,384.57
642,12,330.53
643,1,147.59
643,2,231.44
643,3,113.73
643,4,179.62
643,5,67.23
643,6,158.59
643,7,190.21
643,8,130.54
643,9,175.38
643,10,171.57
643,11,139.87
643,12,224.5
644,1,327.32
644,2,269.45
644,3,292.25
644,4,123.74
644,5,335.05
644,6,366.83
644,7,294.48
644,8,310.66
644,9,333.0
644,10,151.65
644,11,358.32
644,12,268.57
645,1,181.24
645,2,181.35
645,3,137.44
645,4,174.58
645,5,152.46
645,6,74.73
645,7,269.27
645,8,153.04
645,9,47.3
645,10,136.61
645,11,145.28
645,12,171.34
646,1,91.32
646,2,227.34
646,3,126.45
646,4,181.04
646,5,143.64
646,6,169.48
646,7,103.84
646,8,193.89
646,9,163.74
646,10,199.8
646,11,149.25
646,12,200.49
647,1,309.95
647,2,339.75
647,3,296.63
647,4,363.93
647,5,252.14
647,6,245.49
647,7,336.53
647,8,235.51
647,9,319.85
647,10,297.16
647,11,278.97
647,12,293.2
648,1,144.17
648,2,148.08
648,3,156.28
648,4,117.33
648,5,138.19
648,6,157.12
648,7,151.31
648,8,156.48
648,9,124.44
648,10,164.97
648,11,149.79
648,12,98.58
649,1,212.37
649,2,186.21
649,3,213.33
649,4,195.59
649,5,223.96
649,6,238.03
649,7,192.94
649,8,250.72
649,9,233.65
649,10,198.53
649,11,218.12
649,12,207.16
650,1,324.16
650,2,325.52
650,3,275.91
650,4,350.87
650,5,85.35
650,6,323.71
650,7,355.93
650,8,348.77
650,9,322.03
650,10,124.19
650,11,349.43
650,12,341.24
651,1,422.72
651,2,368.46
651,3,445.89
651,4,407.83
651,5,462.62
651,6,416.27
651,7,95.78
651,8,432.75
651,9,449.22
651,10,405.25
651,11,430.59
651,12,368.21
652,1,436.12
652,2,148.32
652,3,366.14
652,4,399.88
652,5,386.87
652,6,406.57
652,7,414.65
652,8,392.48
652,9,364.16
652,10,420.92
652,11,183.98
652,12,372.93
653,1,146.48
653,2,148.73
653,3,110.89
653,4,94.47
653,5,63.52
653,6,85.94
653,7,46.99
653,8,84.68
653,9,122.71
653,10,110.49
653,11,181.7
653,12,100.87
654,1,371.18
654,2,83.28
654,3,381.8
654,4,324.34
654,5,308.79
654,6,348.36
654,7,336.57
654,8,342.68
654,9,338.2
654,10,318.47
654,11,338.87
654,12,362.2
655,1,139.25
655,2,148.05
655,3,145.92
655,4,157.24
655,5,166.04
655,6,159.72
655,7,160.38
655,8,146.57
655,9,155.01
655,10,145.58
655,11,97.63
655,12,230.92
656,1,247.14
656,2,196.68
656,3,192.35
656,4,160.46
656,5,220.95
656,6,152.2
656,7,231.54
656,8,161.6
656,9,166.33
656,10,81.51
656,11,185.52
656,12,235.26
657,1,390.46
657,2,353.92
657,3,398.08
657,4,362.14
657,5,380.75
657,6,411.33
657,7,408.72
657,8,384.34
657,9,331.96
657,10,474.78
657,11,437.38
657,12,406.68
658,1,472.72
658,2,525.26
658,3,508.3
658,4,432.86
658,5,514.12
658,6,498.48
658,7,492.44
658,8,457.47
658,9,459.7
658,10,482.11
658,11,461.41
658,12,517.38
659,1,211.84
659,2,47.4
659,3,214.9
659,4,127.08
659,5,128.29
659,6,215.37
659,7,177.22
659,8,204.62
659,9,179.98
659,10,176.79
659,11,137.16
659,12,176.19
660,1,278.38
660,2,236.53
660,3,232.21
660,4,313.38
660,5,247.78
660,6,263.48
660,7,275.45
660,8,202.39
660,9,255.44
660,10,206.63
660,11,252.08
660,12,297.19
661,1,326.1
661,2,375.58
661,3,326.18
661,4,391.24
661,5,286.1
661,6,324.03
661,7,302.11
661,8,310.16
661,9,310.81
661,10,303.66
661,11,376.91
661,12,367.68
662,1,407.58
662,2,434.39
662,3,374.45
662,4,383.59
662,5,338.53
662,6,431.15
662,7,414.59
662,8,371.78
662,9,349.53
662,10,410.45
662,11,452.28
662,12,397.86
663,1,424.34
663,2,421.48
663,3,89.71
663,4,393.61
663,5,395.02
663,6,473.57
663,7,400.6
663,8,430.05
663,9,408.19
663,10,352.55
663,11,346.66
663,12,390.63
664,1,504.45
664,2,518.04
664,3,470.31
664,4,486.04
664,5,472.03
664,6,473.1
664,7,515.94
664,8,503.32
664,9,452.11
664,10,520.75
664,11,488.5
664,12,522.13
665,1,123.93
665,2,164.93
665,3,168.49
665,4,171.78
665,5,194.49
665,6,274.94
665,7,186.65
665,8,80.48
665,9,140.11
665,10,116.3
665,11,208.11
665,12,156.6
666,1,449.28
666,2,143.93
666,3,403.39
666,4,415.84
666,5,383.32
666,6,345.67
666,7,381.07
666,8,407.79
666,9,406.65
666,10,388.95
666,11,415.92
666,12,414.5
667,1,83.48
667,2,129.78
667,3,61.7
667,4,137.73
667,5,90.04
667,6,94.34
667,7,72.28
667,8,117.34
667,9,179.8
667,10,129.44
667,11,80.07
667,12,140.07
668,1,182.2
668,2,187.22
668,3,168.38
668,4,184.65
668,5,157.24
668,6,155.91
668,7,145.23
668,8,171.74
668,9,189.01
668,10,180.25
668,11,30.25
668,12,124.07
669,1,158.0
669,2,117.22
669,3,117.18
669,4,163.32
669,5,131.48
669,6,119.25
669,7,12.29
669,8,62.78
669,9,121.76
669,10,152.03
669,11,111.85
669,12,90.26
670,1,100.77
670,2,112.05
670,3,92.92
670,4,200.95
670,5,127.26
670,6,94.47
670,7,145.92
670,8,143.07
670,9,114.37
670,10,145.22
670,11,28.46
670,12,51.63
671,1,508.3
671,2,408.9
671,3,510.55
671,4,480.19
671,5,435.93
671,6,465.73
671,7,452.13
671,8,229.27
671,9,488.64
671,10,172.98
671,11,487.39
671,12,461.56
672,1,347.66
672,2,95.41
672,3,329.95
672,4,365.65
672,5,348.81
672,6,344.28
672,7,431.61
672,8,350.87
672,9,357.7
672,10,393.24
672,11,357.6
672,12,336.03
673,1,184.51
673,2,67.09
673,3,47.3
673,4,116.97
673,5,35.11
673,6,116.48
673,7,124.52
673,8,145.52
673,9,61.78
673,10,90.3
673,11,119.86
673,12,130.11
674,1,335.75
674,2,289.61
674,3,321.84
674,4,299.29
674,5,281.56
674,6,283.77
674,7,314.58
674,8,341.63
674,9,351.05
674,10,57.94
674,11,309.9
674,12,333.6
675,1,457.04
675,2,443.98
675,3,515.43
675,4,492.62
675,5,478.1
675,6,460.05
675,7,516.81
675,8,446.76
675,9,521.79
675,10,505.53
675,11,448.27
675,12,495.78
676,1,364.89
676,2,346.7
676,3,259.73
676,4,285.11
676,5,335.13
676,6,322.72
676,7,321.78
676,8,314.73
676,9,337.54
676,10,332.43
676,11,300.28
676,12,273.02
677,1,27.82
677,2,98.87
677,3,107.02
677,4,134.95
677,5,42.32
677,6,94.92
677,7,140.57
677,8,29.05
677,9,161.56
677,10,48.82
677,11,81.19
677,12,98.77
678,1,399.41
678,2,347.26
678,3,399.5
678,4,315.68
678,5,337.84
678,6,340.55
678,7,312.72
678,8,273.18
678,9,370.08
678,10,316.1
678,11,331.98
678,12,391.54
679,1,201.07
679,2,185.71
679,3,177.04
679,4,184.2
679,5,154.79
679,6,171.37
679,7,142.81
679,8,166.52
679,9,169.0
679,10,208.36
679,11,173.04
679,12,169.56
680,1,407.73
680,2,408.85
680,3,402.28
680,4,418.32
680,5,379.13
680,6,444.98
680,7,395.9
680,8,363.65
680,9,408.64
680,10,377.46
680,11,422.96
680,12,144.1
681,1,428.51
681,2,458.01
681,3,438.45
681,4,457.67
681,5,459.3
681,6,441.66
681,7,390.02
681,8,478.73
681,9,441.8
681,10,457.04
681,11,466.75
681,12,432.28
682,1,150.63
682,2,139.59
682,3,126.33
682,4,140.41
682,5,107.34
682,6,148.27
682,7,151.38
682,8,149.37
682,9,184.07
682,10,136.15
682,11,138.22
682,12,103.89
683,1,126.34
683,2,94.68
683,3,116.58
683,4,65.45
683,5,178.43
683,6,71.57
683,7,102.35
683,8,111.03
683,9,169.38
683,10,25.66
683,11,171.51
683,12,134.72
684,1,366.56
684,2,384.94
684,3,359.56
684,4,358.68
684,5,359.91
684,6,394.57
684,7,384.99
684,8,386.58
684,9,375.26
684,10,401.46
684,11,416.5
684,12,402.27
685,1,100.99
685,2,136.81
685,3,119.09
685,4,136.54
685,5,126.13
685,6,133.39
685,7,106.03
685,8,125.95
685,9,91.18
685,10,157.65
685,11,99.97
685,12,152.87
686,1,454.12
686,2,460.37
686,3,441.69
686,4,392.65
686,5,453.69
686,6,464.84
686,7,445.55
686,8,349.18
686,9,427.74
686,10,441.56
686,11,408.53
686,12,429.6
687,1,380.37
687,2,324.28
687,3,393.44
687,4,376.18
687,5,327.77
687,6,351.59
687,7,357.58
687,8,367.25
687,9,370.21
687,10,347.6
687,11,313.37
687,12,361.23
688,1,349.42
688,2,386.66
688,3,348.0
688,4,368.68
688,5,390.61
688,6,406.84
688,7,310.52
688,8,377.96
688,9,417.22
688,10,381.97
688,11,377.48
688,12,358.11
689,1,222.43
689,2,297.45
689,3,230.18
689,4,267.89
689,5,220.96
689,6,254.29
689,7,260.84
689,8,239.25
689,9,162.37
689,10,233.55
689,11,269.91
689,12,248.82
690,1,273.68
690,2,281.67
690,3,292.96
690,4,338.95
690,5,227.93
690,6,331.35
690,7,260.64
690,8,287.86
690,9,269.27
690,10,346.63
690,11,276.0
690,12,306.64
691,1,174.1
691,2,213.13
691,3,150.8
691,4,201.87
691,5,167.07
691,6,211.91
691,7,229.42
691,8,116.76
691,9,136.86
691,10,163.84
691,11,220.96
691,12,192.97
692,1,244.41
692,2,201.85
692,3,257.18
692,4,171.63
692,5,206.77
692,6,69.0
692,7,223.53
692,8,159.86
692,9,259.58
692,10,231.43
692,11,252.68
692,12,267.39
693,1,117.1
693,2,73.85
693,3,41.65
693,4,65.69
693,5,85.62
693,6,131.37
693,7,124.4
693,8,62.14
693,9,82.85
693,10,52.17
693,11,110.8
693,12,84.11
694,1,390.81
694,2,417.53
694,3,346.3
694,4,109.75
694,5,361.49
694,6,405.71
694,7,400.66
694,8,376.34
694,9,156.32
694,10,398.83
694,11,389.41
694,12,349.47
695,1,162.93
695,2,139.15
695,3,126.68
695,4,130.83
695,5,107.69
695,6,96.98
695,7,152.52
695,8,123.13
695,9,140.77
695,10,81.13
695,11,121.54
695,12,96.4
696,1,294.92
696,2,376.09
696,3,340.54
696,4,335.33
696,5,321.29
696,6,347.07
696,7,334.86
696,8,312.56
696,9,317.59
696,10,296.4
696,11,292.66
696,12,318.1
697,1,184.61
697,2,216.8
697,3,164.18
697,4,220.47
697,5,205.96
697,6,241.4
697,7,170.93
697,8,71.34
697,9,212.96
697,10,203.4
697,11,201.07
697,12,163.57
698,1,140.3
698,2,184.1
698,3,202.54
698,4,177.92
698,5,192.29
698,6,81.74
698,7,197.7
698,8,169.36
698,9,191.37
698,10,172.93
698,11,179.74
698,12,259.55
699,1,316.15
699,2,149.77
699,3,256.37
699,4,331.4
699,5,351.12
699,6,294.41
699,7,305.32
699,8,296.05
699,9,305.91
699,10,286.41
699,11,288.96
699,12,317.17
700,1,413.03
700,2,437.74
700,3,437.09
700,4,496.26
700,5,415.83
700,6,435.22
700,7,432.3
700,8,426.57
700,9,455.39
700,10,507.14
700,11,430.38
700,12,455.48
701,1,261.68
701,2,330.48
701,3,51.75
701,4,236.82
701,5,299.14
701,6,261.58
701,7,320.67
701,8,237.49
701,9,316.85
701,10,312.63
701,11,291.54
701,12,225.01
702,1,256.46
702,2,340.45
702,3,360.07
702,4,309.98
702,5,318.87
702,6,309.12
702,7,293.4
702,8,339.15
702,9,139.03
702,10,230.64
702,11,286.96
702,12,256.41
703,1,475.93
703,2,498.55
703,3,533.54
703,4,451.19
703,5,469.02
703,6,463.83
703,7,413.36
703,8,462.69
703,9,498.43
703,10,488.22
703,11,490.57
703,12,460.73
704,1,112.37
704,2,102.69
704,3,26.38
704,4,53.92
704,5,98.88
704,6,106.72
704,7,106.4
704,8,133.59
704,9,138.92
704,10,101.88
704,11,102.09
704,12,122.19
705,1,447.86
705,2,404.55
705,3,447.02
705,4,387.16
705,5,383.08
705,6,362.54
705,7,422.28
705,8,414.43
705,9,365.49
705,10,334.08
705,11,411.46
705,12,414.88
706,1,150.27
706,2,172.68
706,3,106.14
706,4,144.39
706,5,118.99
706,6,197.71
706,7,144.03
706,8,163.29
706,9,148.45
706,10,146.5
706,11,161.33
706,12,133.08
707,1,340.56
707,2,391.28
707,3,405.9
707,4,395.72
707,5,369.24
707,6,349.53
707,7,388.58
707,8,430.93
707,9,441.69
707,10,205.33
707,11,379.52
707,12,369.39
708,1,270.97
708,2,261.69
708,3,300.41
708,4,61.34
708,5,234.82
708,6,325.8
708,7,233.35
708,8,286.93
708,9,293.1
708,10,213.21
708,11,218.97
708,12,308.94
709,1,367.16
709,2,369.91
709,3,418.91
709,4,391.89
709,5,329.13
709,6,394.47
709,7,403.28
709,8,414.53
709,9,120.83
709,10,351.77
709,11,337.75
709,12,375.24
710,1,345.1
710,2,310.87
710,3,276.15
710,4,326.84
710,5,367.97
710,6,304.29
710,7,313.63
710,8,317.33
710,9,248.87
710,10,284.67
710,11,281.58
710,12,322.05
711,1,268.07
711,2,189.37
711,3,162.05
711,4,151.95
711,5,207.49
711,6,192.11
711,7,218.24
711,8,215.98
711,9,163.9
711,10,157.55
711,11,220.88
711,12,216.06
712,1,346.04
712,2,432.81
712,3,92.03
712,4,345.31
712,5,390.41
712,6,420.75
712,7,382.79
712,8,369.25
712,9,451.23
712,10,326.84
712,11,462.98
712,12,152.23
713,1,275.89
713,2,331.13
713,3,313.96
713,4,96.8
713,5,270.93
713,6,271.33
713,7,321.7
713,8,312.38
713,9,311.42
713,10,318.58
713,11,251.9
713,12,340.45
714,1,335.16
714,2,345.24
714,3,353.58
714,4,387.08
714,5,90.9
714,6,324.41
714,7,308.06
714,8,360.83
714,9,381.04
714,10,305.37
714,11,350.66
714,12,378.87
715,1,115.96
715,2,86.39
715,3,79.97
715,4,82.67
715,5,148.27
715,6,123.94
715,7,88.2
715,8,138.18
715,9,89.87
715,10,53.49
715,11,132.9
715,12,161.39
716,1,266.1
716,2,307.86
716,3,298.72
716,4,331.07
716,5,338.39
716,6,296.73
716,7,288.32
716,8,114.95
716,9,287.58
716,10,302.3
716,11,134.23
716,12,338.79
717,1,177.01
717,2,193.3
717,3,188.67
717,4,158.4
717,5,206.81
717,6,186.54
717,7,158.34
717,8,255.23
717,9,202.29
717,10,183.4
717,11,230.46
717,12,243.25
718,1,443.6
718,2,458.09
718,3,428.83
718,4,399.05
718,5,442.31
718,6,382.83
718,7,409.33
718,8,433.64
718,9,319.48
718,10,423.57
718,11,424.99
718,12,381.92
719,1,308.42
719,2,256.49
719,3,253.07
719,4,296.75
719,5,249.22
719,6,224.41
719,7,119.46
719,8,287.68
719,9,229.22
719,10,271.67
719,11,251.2
719,12,267.54
720,1,179.1
720,2,198.9
720,3,206.01
720,4,234.79
720,5,178.27
720,6,71.76
720,7,170.23
720,8,229.86
720,9,214.52
720,10,162.6
720,11,199.21
720,12,188.46
721,1,205.01
721,2,201.88
721,3,195.22
721,4,219.72
721,5,183.69
721,6,210.17
721,7,191.14
721,8,197.72
721,9,226.61
721,10,235.54
721,11,206.82
721,12,245.03
722,1,366.81
722,2,370.71
722,3,345.85
722,4,411.12
722,5,198.21
722,6,322.66
722,7,382.36
722,8,370.63
722,9,409.32
722,10,324.9
722,11,433.8
722,12,346.71
723,1,336.96
723,2,346.2
723,3,140.08
723,4,255.73
723,5,309.34
723,6,279.33
723,7,307.92
723,8,343.4
723,9,323.15
723,10,348.44
723,11,324.25
723,12,275.05
724,1,475.68
724,2,514.35
724,3,485.31
724,4,493.41
724,5,505.91
724,6,519.27
724,7,497.83
724,8,472.38
724,9,543.91
724,10,535.91
724,11,459.46
724,12,462.65
725,1,222.14
725,2,187.46
725,3,160.58
725,4,176.09
725,5,142.4
725,6,180.65
725,7,189.16
725,8,185.37
725,9,223.9
725,10,179.53
725,11,127.18
725,12,290.32
726,1,452.28
726,2,502.06
726,3,427.87
726,4,480.36
726,5,449.16
726,6,388.32
726,7,464.52
726,8,471.5
726,9,466.43
726,10,480.29
726,11,464.91
726,12,475.07
727,1,257.47
727,2,43.66
727,3,161.91
727,4,180.82
727,5,275.94
727,6,66.61
727,7,205.35
727,8,166.31
727,9,171.45
727,10,152.02
727,11,209.46
727,12,195.16
728,1,99.07
728,2,192.36
728,3,229.69
728,4,204.99
728,5,189.1
728,6,233.2
728,7,260.75
728,8,68.25
728,9,243.69
728,10,200.38
728,11,168.07
728,12,260.7
729,1,339.26
729,2,314.0
729,3,346.81
729,4,358.73
729,5,350.65
729,6,290.57
729,7,90.62
729,8,341.72
729,9,325.57
729,10,346.4
729,11,345.32
729,12,334.27
730,1,360.41
730,2,385.83
730,3,416.23
730,4,428.31
730,5,422.68
730,6,345.05
730,7,106.99
730,8,376.98
730,9,396.73
730,10,402.66
730,11,437.99
730,12,414.86
731,1,330.35
731,2,309.16
731,3,359.74
731,4,359.96
731,5,338.62
731,6,362.72
731,7,344.94
731,8,399.03
731,9,361.78
731,10,369.87
731,11,129.14
731,12,307.86
732,1,297.7
732,2,285.42
732,3,291.22
732,4,271.95
732,5,247.02
732,6,263.43
732,7,322.61
732,8,242.89
732,9,332.33
732,10,292.48
732,11,75.3
732,12,222.94
733,1,423.5
733,2,467.32
733,3,360.24
733,4,383.33
733,5,446.45
733,6,426.42
733,7,444.17
733,8,427.93
733,9,443.13
733,10,401.57
733,11,443.11
733,12,455.83
734,1,108.26
734,2,158.06
734,3,150.23
734,4,90.53
734,5,120.25
734,6,116.42
734,7,129.56
734,8,143.46
734,9,144.61
734,10,130.64
734,11,116.38
734,12,165.32
735,1,121.28
735,2,174.09
735,3,120.64
735,4,142.54
735,5,174.19
735,6,124.63
735,7,158.33
735,8,116.8
735,9,153.33
735,10,163.02
735,11,144.74
735,12,147.01
736,1,127.94
736,2,125.5
736,3,131.16
736,4,180.35
736,5,106.09
736,6,93.46
736,7,131.37
736,8,162.73
736,9,145.76
736,10,130.03
736,11,122.12
736,12,68.79
737,1,176.18
737,2,72.02
737,3,135.04
737,4,169.34
737,5,186.94
737,6,133.46
737,7,201.15
737,8,156.67
737,9,45.14
737,10,152.0
737,11,137.2
737,12,154.26
738,1,364.95
738,2,365.46
738,3,341.76
738,4,393.23
738,5,332.54
738,6,309.64
738,7,325.87
738,8,389.03
738,9,371.77
738,10,397.36
738,11,318.31
738,12,427.61
739,1,316.49
739,2,336.3
739,3,338.17
739,4,405.72
739,5,400.11
739,6,411.04
739,7,405.24
739,8,401.55
739,9,390.36
739,10,383.07
739,11,417.59
739,12,387.37
740,1,322.28
740,2,328.52
740,3,303.37
740,4,66.59
740,5,368.58
740,6,281.71
740,7,344.42
740,8,363.6
740,9,293.46
740,10,309.27
740,11,373.4
740,12,352.99
741,1,397.93
741,2,395.15
741,3,124.66
741,4,403.08
741,5,409.72
741,6,415.05
741,7,363.67
741,8,390.69
741,9,405.94
741,10,371.02
741,11,379.79
741,12,393.46
742,1,396.96
742,2,450.59
742,3,448.42
742,4,138.11
742,5,452.07
742,6,446.02
742,7,485.31
742,8,410.63
742,9,466.09
742,10,399.87
742,11,424.85
742,12,413.62
743,1,128.21
743,2,127.86
743,3,131.54
743,4,144.05
743,5,140.27
743,6,129.32
743,7,62.49
743,8,150.72
743,9,97.32
743,10,83.64
743,11,109.13
743,12,134.58
744,1,227.75
744,2,204.83
744,3,206.59
744,4,174.63
744,5,156.07
744,6,183.61
744,7,174.18
744,8,191.0
744,9,164.02
744,10,221.27
744,11,174.07
744,12,185.09
745,1,302.87
745,2,273.84
745,3,238.78
745,4,300.93
745,5,287.7
745,6,255.08
745,7,337.36
745,8,265.01
745,9,306.27
745,10,277.12
745,11,334.31
745,12,280.87
746,1,391.26
746,2,415.93
746,3,152.67
746,4,394.79
746,5,438.31
746,6,407.19
746,7,378.7
746,8,425.06
746,9,409.93
746,10,328.35
746,11,416.85
746,12,415.75
747,1,233.8
747,2,253.55
747,3,243.36
747,4,260.39
747,5,292.22
747,6,213.83
747,7,251.29
747,8,242.62
747,9,233.57
747,10,251.18
747,11,225.0
747,12,242.69
748,1,504.99
748,2,475.33
748,3,435.6
748,4,156.66
748,5,522.75
748,6,485.84
748,7,497.74
748,8,507.62
748,9,421.3
748,10,526.93
748,11,503.96
748,12,485.67
749,1,279.93
749,2,270.27
749,3,206.06
749,4,309.75
749,5,222.53
749,6,272.72
749,7,271.64
749,8,207.28
749,9,97.12
749,10,271.27
749,11,206.96
749,12,246.99
750,1,459.09
750,2,517.33
750,3,510.17
750,4,478.24
750,5,451.23
750,6,436.02
750,7,482.33
750,8,514.94
750,9,160.61
750,10,445.23
750,11,495.75
750,12,476.24
751,1,264.77
751,2,140.22
751,3,297.29
751,4,276.38
751,5,323.74
751,6,275.63
751,7,107.59
751,8,282.64
751,9,253.96
751,10,284.33
751,11,323.9
751,12,295.35
752,1,103.7
752,2,109.11
752,3,83.12
752,4,177.15
752,5,144.92
752,6,40.21
752,7,156.99
752,8,73.02
752,9,132.62
752,10,50.88
752,11,104.16
752,12,157.23
753,1,404.31
753,2,351.7
753,3,377.86
753,4,374.57
753,5,370.37
753,6,363.91
753,7,319.44
753,8,338.94
753,9,402.66
753,10,381.86
753,11,426.28
753,12,337.87
754,1,318.88
754,2,287.32
754,3,307.64
754,4,301.85
754,5,368.13
754,6,283.85
754,7,257.51
754,8,341.57
754,9,286.58
754,10,305.25
754,11,288.61
754,12,330.12
755,1,218.3
755,2,251.0
755,3,216.13
755,4,292.39
755,5,270.81
755,6,264.25
755,7,236.41
755,8,285.43
755,9,233.46
755,10,239.06
755,11,245.1
755,12,261.05
756,1,487.14
756,2,505.99
756,3,103.53
756,4,461.19
756,5,503.34
756,6,452.3
756,7,445.13
756,8,513.68
756,9,468.56
756,10,127.74
756,11,504.7
756,12,466.28
757,1,173.76
757,2,377.91
757,3,386.55
757,4,413.64
757,5,398.96
757,6,376.74
757,7,425.96
757,8,392.83
757,9,384.66
757,10,404.77
757,11,383.2
757,12,408.97
758,1,369.11
758,2,363.61
758,3,366.21
758,4,427.21
758,5,361.79
758,6,375.04
758,7,401.13
758,8,360.59
758,9,393.78
758,10,393.77
758,11,368.27
758,12,379.24
759,1,438.16
759,2,447.05
759,3,448.77
759,4,448.89
759,5,477.41
759,6,456.91
759,7,457.79
759,8,493.8
759,9,102.63
759,10,414.07
759,11,403.63
759,12,197.15
760,1,183.37
760,2,165.94
760,3,181.07
760,4,224.45
760,5,208.14
760,6,246.4
760,7,211.05
760,8,238.28
760,9,192.22
760,10,199.95
760,11,213.29
760,12,208.59
761,1,321.29
761,2,305.06
761,3,354.17
761,4,361.38
761,5,378.14
761,6,387.61
761,7,350.58
761,8,360.51
761,9,340.24
761,10,365.62
761,11,392.06
761,12,366.03
762,1,474.75
762,2,495.02
762,3,489.75
762,4,515.45
762,5,479.03
762,6,494.8
762,7,501.12
762,8,478.35
762,9,463.24
762,10,468.12
762,11,500.28
762,12,480.94
763,1,224.17
763,2,208.22
763,3,262.16
763,4,236.19
763,5,227.39
763,6,241.6
763,7,178.86
763,8,291.71
763,9,229.74
763,10,170.1
763,11,264.91
763,12,206.46
764,1,142.59
764,2,93.27
764,3,90.87
764,4,134.06
764,5,130.15
764,6,79.65
764,7,157.1
764,8,107.82
764,9,116.07
764,10,105.09
764,11,80.92
764,12,136.06
765,1,390.22
765,2,381.72
765,3,455.28
765,4,439.82
765,5,419.98
765,6,467.95
765,7,409.97
765,8,457.68
765,9,423.27
765,10,104.05
765,11,473.44
765,12,447.72
766,1,150.61
766,2,148.37
766,3,188.37
766,4,88.51
766,5,157.35
766,6,152.13
766,7,145.97
766,8,128.83
766,9,145.51
766,10,100.99
766,11,156.2
766,12,161.64
767,1,404.47
767,2,418.26
767,3,430.53
767,4,461.18
767,5,401.56
767,6,421.33
767,7,443.07
767,8,373.81
767,9,476.93
767,10,452.37
767,11,365.66
767,12,428.14
768,1,339.62
768,2,394.23
768,3,379.67
768,4,373.4
768,5,322.19
768,6,323.5
768,7,336.08
768,8,351.21
768,9,415.02
768,10,341.13
768,11,183.08
768,12,347.06
769,1,457.88
769,2,449.36
769,3,418.69
769,4,403.68
769,5,426.29
769,6,485.96
769,7,466.67
769,8,423.49
769,9,426.63
769,10,412.13
769,11,393.59
769,12,126.34
770,1,530.41
770,2,439.99
770,3,433.81
770,4,433.61
770,5,498.64
770,6,440.77
770,7,436.5
770,8,468.93
770,9,471.25
770,10,494.13
770,11,464.76
770,12,469.47
771,1,241.06
771,2,204.92
771,3,269.72
771,4,273.58
771,5,226.83
771,6,300.54
771,7,230.39
771,8,266.76
771,9,254.71
771,10,187.23
771,11,264.32
771,12,261.62
772,1,152.99
772,2,66.72
772,3,63.02
772,4,117.08
772,5,143.48
772,6,61.77
772,7,121.23
772,8,126.43
772,9,47.23
772,10,132.96
772,11,135.3
772,12,99.65
773,1,470.15
773,2,476.9
773,3,464.35
773,4,548.82
773,5,465.69
773,6,458.48
773,7,478.73
773,8,504.13
773,9,453.24
773,10,470.59
773,11,191.57
773,12,506.64
774,1,156.23
774,2,130.83
774,3,132.08
774,4,147.06
774,5,147.04
774,6,101.25
774,7,138.75
774,8,141.62
774,9,102.71
774,10,159.18
774,11,46.04
774,12,201.92
775,1,129.1
775,2,58.11
775,3,215.13
775,4,152.08
775,5,146.06
775,6,134.24
775,7,152.95
775,8,112.8
775,9,152.71
775,10,199.91
775,11,136.67
775,12,147.78
776,1,295.95
776,2,337.22
776,3,289.05
776,4,292.19
776,5,76.79
776,6,302.09
776,7,310.74
776,8,295.81
776,9,325.14
776,10,377.01
776,11,283.24
776,12,319.75
777,1,200.59
777,2,226.65
777,3,69.29
777,4,261.87
777,5,209.62
777,6,188.42
777,7,248.02
777,8,171.46
777,9,112.23
777,10,228.68
777,11,214.64
777,12,179.64
778,1,179.8
778,2,188.6
778,3,230.57
778,4,144.32
778,5,161.92
778,6,228.58
778,7,235.61
778,8,172.22
778,9,241.52
778,10,221.28
778,11,183.97
778,12,118.94
779,1,267.23
779,2,281.58
779,3,282.91
779,4,256.29
779,5,207.71
779,6,196.12
779,7,235.19
779,8,269.58
779,9,267.65
779,10,250.22
779,11,240.9
779,12,299.11
780,1,463.08
780,2,446.09
780,3,473.72
780,4,488.45
780,5,506.11
780,6,425.32
780,7,134.2
780,8,483.4
780,9,487.61
780,10,470.2
780,11,486.27
780,12,445.73
781,1,238.71
781,2,238.13
781,3,224.54
781,4,264.89
781,5,226.12
781,6,234.31
781,7,93.93
781,8,165.9
781,9,230.64
781,10,226.72
781,11,286.3
781,12,255.02
782,1,366.64
782,2,316.15
782,3,349.36
782,4,363.57
782,5,396.83
782,6,353.07
782,7,365.77
782,8,325.04
782,9,318.35
782,10,314.51
782,11,340.39
782,12,414.86
783,1,254.74
783,2,265.35
783,3,276.8
783,4,260.84
783,5,184.42
783,6,256.69
783,7,303.11
783,8,256.45
783,9,303.95
783,10,255.39
783,11,211.84
783,12,246.01
784,1,225.85
784,2,201.32
784,3,235.9
784,4,214.82
784,5,111.99
784,6,212.75
784,7,228.69
784,8,243.89
784,9,254.69
784,10,270.39
784,11,218.95
784,12,214.02
785,1,305.17
785,2,314.02
785,3,317.54
785,4,317.17
785,5,328.13
785,6,373.13
785,7,63.94
785,8,326.44
785,9,354.04
785,10,261.04
785,11,323.04
785,12,264.59
786,1,233.83
786,2,331.44
786,3,299.95
786,4,318.7
786,5,350.81
786,6,319.14
786,7,313.08
786,8,306.58
786,9,273.58
786,10,301.54
786,11,367.22
786,12,296.74
787,1,178.17
787,2,78.53
787,3,133.68
787,4,69.65
787,5,113.72
787,6,138.3
787,7,46.84
787,8,102.85
787,9,92.1
787,10,87.94
787,11,120.56
787,12,142.62
788,1,388.7
788,2,346.14
788,3,385.68
788,4,343.48
788,5,343.6
788,6,307.13
788,7,373.19
788,8,99.94
788,9,419.92
788,10,387.72
788,11,317.97
788,12,403.32
789,1,121.43
789,2,164.81
789,3,170.84
789,4,179.8
789,5,174.34
789,6,225.49
789,7,172.75
789,8,174.98
789,9,200.67
789,10,162.95
789,11,242.92
789,12,220.06
790,1,298.11
790,2,275.95
790,3,301.06
790,4,344.13
790,5,245.06
790,6,227.38
790,7,283.92
790,8,265.59
790,9,271.59
790,10,324.01
790,11,282.38
790,12,285.13
791,1,350.15
791,2,395.57
791,3,355.82
791,4,370.31
791,5,395.6
791,6,355.75
791,7,357.92
791,8,392.75
791,9,349.27
791,10,363.46
791,11,391.67
791,12,436.62
792,1,221.91
792,2,223.2
792,3,173.93
792,4,254.98
792,5,197.9
792,6,234.66
792,7,253.75
792,8,212.44
792,9,174.56
792,10,135.2
792,11,208.85
792,12,217.5
793,1,93.68
793,2,125.99
793,3,131.57
793,4,100.44
793,5,115.24
793,6,96.3
793,7,69.32
793,8,23.57
793,9,112.78
793,10,99.36
793,11,125.12
793,12,46.39
794,1,264.68
794,2,223.42
794,3,294.56
794,4,284.47
794,5,246.1
794,6,250.51
794,7,252.91
794,8,233.65
794,9,243.7
794,10,248.89
794,11,305.39
794,12,285.4
795,1,320.72
795,2,356.16
795,3,309.65
795,4,112.33
795,5,355.01
795,6,369.4
795,7,380.89
795,8,331.98
795,9,347.86
795,10,142.91
795,11,364.1
795,12,335.0
796,1,205.63
796,2,194.7
796,3,225.48
796,4,65.73
796,5,180.39
796,6,188.86
796,7,155.11
796,8,192.81
796,9,134.43
796,10,217.41
796,11,39.49
796,12,170.37
797,1,367.65
797,2,351.8
797,3,379.92
797,4,166.95
797,5,384.71
797,6,432.46
797,7,339.37
797,8,395.72
797,9,300.42
797,10,367.02
797,11,380.87
797,12,132.0
798,1,233.4
798,2,119.21
798,3,129.81
798,4,194.26
798,5,106.64
798,6,119.7
798,7,216.25
798,8,168.73
798,9,246.88
798,10,149.96
798,11,171.45
798,12,197.22
799,1,323.26
799,2,301.14
799,3,353.99
799,4,317.63
799,5,345.53
799,6,321.24
799,7,341.1
799,8,355.37
799,9,365.43
799,10,329.73
799,11,289.0
799,12,309.82
800,1,246.13
800,2,156.34
800,3,165.5
800,4,159.15
800,5,191.71
800,6,116.15
800,7,157.02
800,8,163.79
800,9,161.17
800,10,160.87
800,11,157.32
800,12,195.32
801,1,279.43
801,2,269.62
801,3,245.78
801,4,253.22
801,5,250.92
801,6,275.58
801,7,285.8
801,8,255.21
801,9,246.64
801,10,272.12
801,11,218.45
801,12,269.03
802,1,152.87
802,2,88.04
802,3,168.83
802,4,172.03
802,5,73.05
802,6,111.84
802,7,147.87
802,8,152.33
802,9,112.65
802,10,123.84
802,11,115.08
802,12,136.31
803,1,390.85
803,2,380.34
803,3,338.47
803,4,335.55
803,5,347.94
803,6,321.47
803,7,343.68
803,8,367.6
803,9,384.16
803,10,341.63
803,11,394.65
803,12,372.5
804,1,426.6
804,2,324.98
804,3,373.33
804,4,422.1
804,5,387.75
804,6,395.09
804,7,338.41
804,8,380.41
804,9,368.9
804,10,336.1
804,11,395.95
804,12,345.42
805,1,190.87
805,2,154.76
805,3,168.07
805,4,223.59
805,5,176.93
805,6,156.89
805,7,122.61
805,8,147.38
805,9,146.21
805,10,232.34
805,11,147.55
805,12,174.53
806,1,278.15
806,2,306.61
806,3,316.52
806,4,309.29
806,5,316.73
806,6,316.01
806,7,249.84
806,8,322.11
806,9,282.87
806,10,270.12
806,11,269.87
806,12,316.01
807,1,377.55
807,2,395.82
807,3,375.83
807,4,360.38
807,5,354.3
807,6,412.95
807,7,405.23
807,8,460.33
807,9,365.57
807,10,354.85
807,11,387.6
807,12,386.87
808,1,57.48
808,2,64.65
808,3,56.43
808,4,294.19
808,5,253.19
808,6,273.51
808,7,235.32
808,8,248.66
808,9,225.02
808,10,317.63
808,11,303.26
808,12,279.86
809,1,416.74
809,2,428.2
809,3,452.85
809,4,479.76
809,5,478.15
809,6,455.4
809,7,410.39
809,8,426.28
809,9,462.12
809,10,418.22
809,11,404.99
809,12,457.77
810,1,495.19
810,2,484.15
810,3,463.0
810,4,457.51
810,5,517.17
810,6,481.02
810,7,411.92
810,8,454.79
810,9,449.25
810,10,458.61
810,11,491.89
810,12,471.78
811,1,204.96
811,2,184.28
811,3,187.57
811,4,208.21
811,5,198.25
811,6,150.66
811,7,253.25
811,8,251.26
811,9,237.25
811,10,193.95
811,11,277.4
811,12,222.65
812,1,94.88
812,2,166.46
812,3,147.74
812,4,138.89
812,5,141.56
812,6,159.44
812,7,108.68
812,8,145.27
812,9,109.81
812,10,148.91
812,11,59.78
812,12,148.98
813,1,245.19
813,2,257.64
813,3,284.45
813,4,310.26
813,5,277.1
813,6,250.47
813,7,317.2
813,8,208.94
813,9,291.2
813,10,240.2
813,11,269.47
813,12,287.89
814,1,185.35
814,2,164.8
814,3,190.52
814,4,174.64
814,5,170.75
814,6,136.78
814,7,152.81
814,8,266.95
814,9,190.79
814,10,204.58
814,11,162.44
814,12,147.33
815,1,507.09
815,2,471.41
815,3,471.63
815,4,556.74
815,5,469.25
815,6,455.34
815,7,489.75
815,8,506.25
815,9,504.97
815,10,414.96
815,11,469.18
815,12,523.59
816,1,436.49
816,2,401.66
816,3,377.71
816,4,394.55
816,5,360.39
816,6,404.5
816,7,398.92
816,8,413.82
816,9,424.37
816,10,401.47
816,11,353.71
816,12,425.97
817,1,457.1
817,2,453.57
817,3,416.12
817,4,522.42
817,5,396.69
817,6,402.5
817,7,442.01
817,8,498.5
817,9,409.91
817,10,427.03
817,11,467.32
817,12,434.46
818,1,269.41
818,2,268.25
818,3,317.16
818,4,296.61
818,5,322.32
818,6,297.15
818,7,317.55
818,8,346.98
818,9,269.47
818,10,341.54
818,11,254.88
818,12,324.28
819,1,85.93
819,2,132.85
819,3,97.22
819,4,68.83
819,5,129.79
819,6,110.51
819,7,141.88
819,8,149.93
819,9,122.63
819,10,115.9
819,11,128.0
819,12,66.8
820,1,171.89
820,2,62.79
820,3,180.62
820,4,160.64
820,5,184.49
820,6,139.04
820,7,83.16
820,8,157.91
820,9,183.24
820,10,172.74
820,11,125.12
820,12,147.6
821,1,488.78
821,2,497.16
821,3,498.83
821,4,510.79
821,5,472.42
821,6,474.29
821,7,495.8
821,8,506.63
821,9,440.99
821,10,489.42
821,11,468.14
821,12,482.61
822,1,103.38
822,2,64.42
822,3,135.31
822,4,169.62
822,5,48.27
822,6,170.89
822,7,134.92
822,8,87.7
822,9,127.7
822,10,88.67
822,11,133.21
822,12,121.9
823,1,251.88
823,2,235.3
823,3,222.31
823,4,178.54
823,5,207.01
823,6,68.75
823,7,207.2
823,8,62.84
823,9,232.74
823,10,201.78
823,11,199.35
823,12,188.52
824,1,263.21
824,2,288.85
824,3,279.73
824,4,257.31
824,5,284.91
824,6,274.02
824,7,249.2
824,8,258.26
824,9,257.55
824,10,277.16
824,11,250.99
824,12,250.29
825,1,257.34
825,2,229.42
825,3,227.73
825,4,239.38
825,5,275.37
825,6,219.39
825,7,253.76
825,8,195.13
825,9,122.11
825,10,264.55
825,11,302.83
825,12,269.76
826,1,221.61
826,2,222.39
826,3,212.47
826,4,205.9
826,5,62.93
826,6,182.45
826,7,250.8
826,8,297.63
826,9,299.55
826,10,212.43
826,11,229.84
826,12,275.0
827,1,420.63
827,2,335.04
827,3,371.16
827,4,325.78
827,5,364.44
827,6,375.58
827,7,359.36
827,8,385.42
827,9,366.97
827,10,348.33
827,11,347.0
827,12,388.33
828,1,394.52
828,2,394.81
828,3,425.28
828,4,381.23
828,5,396.52
828,6,380.44
828,7,350.35
828,8,404.52
828,9,433.77
828,10,405.38
828,11,430.59
828,12,370.13
829,1,425.86
829,2,429.23
829,3,425.13
829,4,388.47
829,5,396.98
829,6,449.22
829,7,389.22
829,8,414.87
829,9,395.5
829,10,413.27
829,11,422.34
829,12,414.81
830,1,444.46
830,2,434.96
830,3,482.52
830,4,443.8
830,5,490.63
830,6,505.95
830,7,487.44
830,8,457.54
830,9,468.23
830,10,164.23
830,11,459.99
830,12,438.19
831,1,175.29
831,2,245.06
831,3,92.89
831,4,238.58
831,5,254.87
831,6,203.06
831,7,208.65
831,8,240.72
831,9,289.74
831,10,253.82
831,11,255.22
831,12,204.79
832,1,304.59
832,2,318.94
832,3,343.93
832,4,286.68
832,5,283.42
832,6,357.74
832,7,299.22
832,8,337.77
832,9,263.74
832,10,241.91
832,11,327.93
832,12,313.17
833,1,263.92
833,2,237.04
833,3,258.3
833,4,271.26
833,5,282.82
833,6,277.74
833,7,248.85
833,8,249.6
833,9,324.47
833,10,282.5
833,11,226.35
833,12,257.0
834,1,349.07
834,2,172.22
834,3,386.6
834,4,154.77
834,5,373.68
834,6,358.27
834,7,370.24
834,8,364.42
834,9,82.3
834,10,298.54
834,11,370.48
834,12,406.8
835,1,396.99
835,2,422.04
835,3,424.55
835,4,382.92
835,5,410.81
835,6,441.42
835,7,405.15
835,8,417.99
835,9,474.91
835,10,483.7
835,11,359.16
835,12,427.42
836,1,423.24
836,2,337.14
836,3,383.07
836,4,373.52
836,5,344.66
836,6,392.15
836,7,347.28
836,8,151.93
836,9,413.62
836,10,400.03
836,11,403.82
836,12,422.94
837,1,235.79
837,2,221.94
837,3,270.19
837,4,199.49
837,5,224.33
837,6,267.83
837,7,246.47
837,8,235.56
837,9,244.53
837,10,242.38
837,11,191.5
837,12,226.52
838,1,120.2
838,2,180.2
838,3,192.27
838,4,153.37
838,5,135.25
838,6,176.25
838,7,58.33
838,8,187.16
838,9,225.06
838,10,140.47
838,11,144.75
838,12,123.21
839,1,206.65
839,2,203.32
839,3,139.7
839,4,55.1
839,5,183.85
839,6,138.8
839,7,227.82
839,8,171.23
839,9,116.7
839,10,153.81
839,11,146.43
839,12,154.55
840,1,172.46
840,2,161.2
840,3,159.48
840,4,159.99
840,5,145.34
840,6,149.99
840,7,49.36
840,8,192.2
840,9,184.18
840,10,175.81
840,11,233.27
840,12,147.23
841,1,141.89
841,2,95.79
841,3,101.18
841,4,165.59
841,5,188.02
841,6,142.8
841,7,164.19
841,8,123.62
841,9,90.87
841,10,149.37
841,11,148.08
841,12,133.15
842,1,404.53
842,2,391.7
842,3,109.72
842,4,451.24
842,5,386.24
842,6,408.29
842,7,423.32
842,8,410.52
842,9,435.53
842,10,391.4
842,11,423.2
842,12,146.69
843,1,257.61
843,2,207.91
843,3,263.47
843,4,285.22
843,5,271.85
843,6,316.73
843,7,193.85
843,8,255.81
843,9,211.69
843,10,246.8
843,11,252.05
843,12,320.4
844,1,188.02
844,2,213.48
844,3,268.57
844,4,205.61
844,5,184.59
844,6,121.49
844,7,234.7
844,8,225.38
844,9,179.44
844,10,183.7
844,11,172.88
844,12,231.95
845,1,204.85
845,2,195.42
845,3,181.11
845,4,169.6
845,5,231.92
845,6,198.92
845,7,244.22
845,8,182.21
845,9,184.96
845,10,222.47
845,11,149.31
845,12,161.6
846,1,425.51
846,2,422.07
846,3,448.17
846,4,483.3
846,5,471.87
846,6,138.66
846,7,418.74
846,8,84.61
846,9,456.15
846,10,428.12
846,11,446.18
846,12,416.18
847,1,373.67
847,2,428.82
847,3,419.63
847,4,447.24
847,5,403.31
847,6,360.19
847,7,436.78
847,8,399.51
847,9,445.23
847,10,431.48
847,11,436.88
847,12,478.05
848,1,102.13
848,2,96.44
848,3,170.0
848,4,57.76
848,5,139.67
848,6,120.69
848,7,86.61
848,8,149.88
848,9,45.56
848,10,35.01
848,11,64.75
848,12,113.36
849,1,114.71
849,2,397.45
849,3,424.82
849,4,380.34
849,5,400.49
849,6,418.23
849,7,382.69
849,8,461.85
849,9,367.32
849,10,412.45
849,11,457.18
849,12,379.27
850,1,129.44
850,2,161.28
850,3,142.2
850,4,151.81
850,5,158.42
850,6,167.4
850,7,140.6
850,8,191.32
850,9,131.53
850,10,194.51
850,11,104.16
850,12,108.45
851,1,438.99
851,2,450.53
851,3,432.64
851,4,434.77
851,5,459.66
851,6,404.05
851,7,398.33
851,8,388.42
851,9,429.49
851,10,368.39
851,11,437.86
851,12,420.72
852,1,133.38
852,2,187.69
852,3,173.72
852,4,231.3
852,5,164.33
852,6,210.11
852,7,209.52
852,8,230.11
852,9,184.47
852,10,229.57
852,11,206.83
852,12,224.18
853,1,356.77
853,2,336.54
853,3,321.16
853,4,293.44
853,5,315.44
853,6,296.72
853,7,352.84
853,8,366.61
853,9,357.49
853,10,404.58
853,11,316.19
853,12,347.9
854,1,117.5
854,2,249.01
854,3,193.32
854,4,57.73
854,5,198.41
854,6,184.9
854,7,151.47
854,8,200.28
854,9,162.74
854,10,196.79
854,11,169.95
854,12,163.83
855,1,365.57
855,2,344.89
855,3,403.75
855,4,324.7
855,5,367.84
855,6,356.59
855,7,87.6
855,8,331.93
855,9,363.0
855,10,361.28
855,11,351.06
855,12,357.77
856,1,253.21
856,2,296.88
856,3,285.72
856,4,305.58
856,5,264.7
856,6,315.4
856,7,278.76
856,8,360.75
856,9,234.57
856,10,355.87
856,11,279.21
856,12,289.68
857,1,199.54
857,2,194.04
857,3,157.98
857,4,150.86
857,5,162.3
857,6,167.4
857,7,154.0
857,8,192.97
857,9,120.28
857,10,141.64
857,11,186.26
857,12,172.73
858,1,320.34
858,2,343.46
858,3,294.64
858,4,216.47
858,5,262.25
858,6,297.38
858,7,266.36
858,8,317.17
858,9,296.64
858,10,257.81
858,11,279.97
858,12,252.19
859,1,413.84
859,2,473.86
859,3,480.81
859,4,437.91
859,5,486.15
859,6,418.0
859,7,394.72
859,8,463.71
859,9,478.84
859,10,478.34
859,11,414.1
859,12,445.98
860,1,229.79
860,2,231.14
860,3,248.17
860,4,207.75
860,5,215.95
860,6,184.66
860,7,160.26
860,8,195.75
860,9,181.89
860,10,239.1
860,11,213.46
860,12,212.85
861,1,363.46
861,2,357.78
861,3,302.43
861,4,362.31
861,5,368.83
861,6,337.7
861,7,379.19
861,8,322.44
861,9,386.72
861,10,351.97
861,11,333.11
861,12,338.45
862,1,230.21
862,2,254.72
862,3,230.71
862,4,233.24
862,5,252.15
862,6,269.92
862,7,266.57
862,8,160.76
862,9,224.94
862,10,249.38
862,11,272.99
862,12,241.23
863,1,508.69
863,2,489.99
863,3,371.44
863,4,104.86
863,5,485.84
863,6,522.19
863,7,499.12
863,8,509.35
863,9,488.36
863,10,502.46
863,11,521.82
863,12,468.5
864,1,147.36
864,2,78.9
864,3,191.18
864,4,179.67
864,5,103.8
864,6,170.79
864,7,152.71
864,8,113.82
864,9,108.79
864,10,111.06
864,11,211.79
864,12,167.8
865,1,420.24
865,2,413.09
865,3,429.64
865,4,441.24
865,5,453.59
865,6,419.66
865,7,370.89
865,8,413.51
865,9,429.31
865,10,464.68
865,11,410.97
865,12,443.38
866,1,508.87
866,2,473.75
866,3,412.69
866,4,451.49
866,5,475.15
866,6,476.04
866,7,460.02
866,8,374.04
866,9,458.44
866,10,507.13
866,11,517.07
866,12,456.78
867,1,289.87
867,2,328.08
867,3,340.91
867,4,310.18
867,5,311.79
867,6,286.53
867,7,295.85
867,8,308.35
867,9,70.89
867,10,315.83
867,11,264.31
867,12,274.03
868,1,334.08
868,2,299.54
868,3,274.17
868,4,283.47
868,5,340.36
868,6,283.95
868,7,270.32
868,8,270.45
868,9,274.53
868,10,273.17
868,11,252.61
868,12,257.27
869,1,254.7
869,2,258.18
869,3,271.38
869,4,246.02
869,5,270.73
869,6,246.51
869,7,290.53
869,8,249.94
869,9,285.59
869,10,149.16
869,11,290.85
869,12,283.28
870,1,396.87
870,2,389.04
870,3,333.71
870,4,336.86
870,5,341.29
870,6,344.1
870,7,307.5
870,8,385.7
870,9,139.23
870,10,375.86
870,11,352.53
870,12,175.97
871,1,142.71
871,2,161.31
871,3,184.9
871,4,220.22
871,5,205.57
871,6,116.07
871,7,177.24
871,8,200.18
871,9,162.0
871,10,159.68
871,11,163.59
871,12,176.76
872,1,331.02
872,2,340.51
872,3,270.84
872,4,284.43
872,5,285.48
872,6,289.14
872,7,296.55
872,8,318.28
872,9,336.97
872,10,343.44
872,11,285.87
872,12,285.66
873,1,170.44
873,2,166.06
873,3,181.12
873,4,161.0
873,5,198.81
873,6,35.75
873,7,147.84
873,8,126.76
873,9,127.98
873,10,125.27
873,11,162.55
873,12,147.93
874,1,93.34
874,2,132.02
874,3,65.83
874,4,191.37
874,5,160.71
874,6,170.44
874,7,155.32
874,8,41.45
874,9,181.63
874,10,170.89
874,11,131.71
874,12,169.6
875,1,324.94
875,2,310.19
875,3,295.29
875,4,317.43
875,5,374.76
875,6,285.15
875,7,376.77
875,8,318.21
875,9,327.06
875,10,293.4
875,11,302.86
875,12,310.91
876,1,333.17
876,2,325.91
876,3,291.7
876,4,327.79
876,5,361.73
876,6,264.61
876,7,296.88
876,8,294.6
876,9,312.4
876,10,255.28
876,11,350.83
876,12,149.17
877,1,264.49
877,2,263.08
877,3,306.28
877,4,313.68
877,5,327.95
877,6,314.15
877,7,316.58
877,8,253.65
877,9,340.51
877,10,289.71
877,11,326.99
877,12,254.71
878,1,90.48
878,2,141.72
878,3,109.93
878,4,107.82
878,5,105.13
878,6,129.31
878,7,200.08
878,8,139.78
878,9,157.82
878,10,165.16
878,11,132.66
878,12,102.17
879,1,383.06
879,2,333.21
879,3,382.31
879,4,378.24
879,5,375.33
879,6,358.54
879,7,418.92
879,8,184.08
879,9,334.95
879,10,371.45
879,11,386.57
879,12,346.36
880,1,325.07
880,2,327.73
880,3,333.03
880,4,214.46
880,5,354.45
880,6,300.98
880,7,297.42
880,8,292.94
880,9,256.36
880,10,306.79
880,11,344.36
880,12,300.62
881,1,243.63
881,2,219.81
881,3,217.84
881,4,219.81
881,5,59.01
881,6,201.33
881,7,188.6
881,8,279.5
881,9,225.75
881,10,222.62
881,11,245.13
881,12,195.33
882,1,232.65
882,2,280.99
882,3,301.32
882,4,290.66
882,5,300.53
882,6,261.64
882,7,50.97
882,8,245.89
882,9,266.32
882,10,265.64
882,11,274.2
882,12,264.12
883,1,383.59
883,2,397.05
883,3,398.52
883,4,376.81
883,5,371.52
883,6,394.6
883,7,397.58
883,8,368.18
883,9,362.25
883,10,423.34
883,11,390.23
883,12,318.85
884,1,91.07
884,2,196.1
884,3,151.62
884,4,96.54
884,5,166.05
884,6,166.12
884,7,168.56
884,8,107.76
884,9,153.48
884,10,169.07
884,11,179.13
884,12,86.29
885,1,133.66
885,2,130.45
885,3,156.59
885,4,172.99
885,5,164.92
885,6,137.72
885,7,144.82
885,8,126.01
885,9,153.26
885,10,192.25
885,11,159.87
885,12,185.78
886,1,123.88
886,2,101.28
886,3,56.28
886,4,109.64
886,5,70.16
886,6,121.82
886,7,112.58
886,8,115.52
886,9,77.17
886,10,146.85
886,11,114.11
886,12,81.57
887,1,119.26
887,2,99.83
887,3,83.83
887,4,70.72
887,5,122.56
887,6,68.39
887,7,149.25
887,8,72.11
887,9,104.65
887,10,83.55
887,11,110.98
887,12,110.8
888,1,261.17
888,2,232.11
888,3,316.12
888,4,293.04
888,5,220.98
888,6,237.14
888,7,322.2
888,8,290.79
888,9,328.01
888,10,318.57
888,11,250.48
888,12,311.46
889,1,373.67
889,2,398.92
889,3,363.2
889,4,334.1
889,5,386.7
889,6,97.71
889,7,353.63
889,8,345.72
889,9,258.59
889,10,395.14
889,11,361.73
889,12,356.89
890,1,180.33
890,2,147.87
890,3,192.3
890,4,138.36
890,5,207.11
890,6,174.6
890,7,169.56
890,8,218.38
890,9,156.9
890,10,140.73
890,11,159.69
890,12,248.41
891,1,145.93
891,2,70.84
891,3,212.89
891,4,155.11
891,5,181.6
891,6,165.59
891,7,123.34
891,8,108.65
891,9,178.63
891,10,215.12
891,11,173.45
891,12,56.53
892,1,329.02
892,2,348.49
892,3,377.24
892,4,312.45
892,5,305.6
892,6,354.04
892,7,334.92
892,8,281.36
892,9,311.45
892,10,333.55
892,11,334.37
892,12,341.7
893,1,203.04
893,2,282.12
893,3,198.24
893,4,57.09
893,5,273.55
893,6,264.95
893,7,217.19
893,8,248.27
893,9,199.68
893,10,265.33
893,11,235.78
893,12,225.72
894,1,201.55
894,2,153.14
894,3,168.03
894,4,150.67
894,5,163.13
894,6,157.03
894,7,190.07
894,8,226.75
894,9,178.72
894,10,130.75
894,11,252.88
894,12,194.49
895,1,238.76
895,2,238.61
895,3,268.83
895,4,252.03
895,5,206.43
895,6,232.26
895,7,261.83
895,8,257.31
895,9,249.86
895,10,270.0
895,11,231.15
895,12,247.36
896,1,192.63
896,2,175.25
896,3,166.0
896,4,168.94
896,5,218.64
896,6,182.43
896,7,188.45
896,8,181.8
896,9,159.96
896,10,115.6
896,11,203.06
896,12,62.74
897,1,463.66
897,2,431.29
897,3,518.62
897,4,453.77
897,5,471.45
897,6,442.91
897,7,423.51
897,8,481.69
897,9,418.98
897,10,470.87
897,11,470.96
897,12,430.41
898,1,391.92
898,2,391.85
898,3,358.36
898,4,440.38
898,5,368.44
898,6,405.73
898,7,362.75
898,8,357.43
898,9,434.06
898,10,373.75
898,11,375.98
898,12,385.51
899,1,288.2
899,2,272.16
899,3,311.04
899,4,287.51
899,5,295.84
899,6,293.09
899,7,284.71
899,8,208.27
899,9,211.86
899,10,287.53
899,11,298.95
899,12,240.84
900,1,321.44
900,2,359.93
900,3,354.35
900,4,358.27
900,5,421.53
900,6,345.98
900,7,366.6
900,8,325.64
900,9,393.21
900,10,359.61
900,11,400.35
900,12,291.29
901,1,309.43
901,2,300.11
901,3,340.12
901,4,295.27
901,5,341.5
901,6,299.89
901,7,277.22
901,8,323.38
901,9,293.86
901,10,321.62
901,11,221.12
901,12,303.16
902,1,496.71
902,2,507.01
902,3,231.78
902,4,538.62
902,5,529.96
902,6,487.89
902,7,455.89
902,8,457.3
902,9,486.38
902,10,447.3
902,11,488.07
902,12,530.64
903,1,445.31
903,2,448.65
903,3,457.89
903,4,411.3
903,5,455.37
903,6,451.43
903,7,434.01
903,8,428.31
903,9,409.76
903,10,448.41
903,11,414.19
903,12,441.14
904,1,368.69
904,2,285.67
904,3,373.66
904,4,374.43
904,5,396.35
904,6,379.99
904,7,400.32
904,8,387.41
904,9,105.33
904,10,449.64
904,11,383.6
904,12,376.52
905,1,250.32
905,2,270.02
905,3,161.86
905,4,178.1
905,5,86.99
905,6,200.91
905,7,205.98
905,8,201.59
905,9,221.58
905,10,216.06
905,11,193.31
905,12,149.73
906,1,195.35
906,2,203.9
906,3,202.5
906,4,228.92
906,5,159.56
906,6,226.28
906,7,191.23
906,8,202.02
906,9,197.91
906,10,196.39
906,11,157.88
906,12,200.92
907,1,428.8
907,2,394.18
907,3,423.57
907,4,438.75
907,5,413.21
907,6,404.38
907,7,417.43
907,8,414.27
907,9,435.04
907,10,428.81
907,11,429.17
907,12,406.32
908,1,134.52
908,2,126.01
908,3,115.73
908,4,39.61
908,5,147.19
908,6,99.44
908,7,88.45
908,8,138.43
908,9,161.89
908,10,22.95
908,11,161.1
908,12,103.9
909,1,401.89
909,2,373.27
909,3,496.33
909,4,410.47
909,5,392.65
909,6,161.04
909,7,380.6
909,8,395.9
909,9,398.36
909,10,381.3
909,11,386.81
909,12,435.33
910,1,367.88
910,2,391.67
910,3,370.42
910,4,314.02
910,5,395.68
910,6,376.84
910,7,364.29
910,8,356.65
910,9,187.3
910,10,367.34
910,11,346.74
910,12,329.66
911,1,119.42
911,2,157.8
911,3,96.33
911,4,156.91
911,5,98.39
911,6,141.86
911,7,146.87
911,8,163.69
911,9,152.42
911,10,122.92
911,11,123.48
911,12,111.58
912,1,272.05
912,2,241.12
912,3,302.14
912,4,287.36
912,5,261.71
912,6,244.56
912,7,294.75
912,8,324.28
912,9,312.55
912,10,296.7
912,11,309.37
912,12,294.18
913,1,331.47
913,2,352.04
913,3,376.81
913,4,351.25
913,5,344.98
913,6,390.46
913,7,328.54
913,8,334.36
913,9,372.32
913,10,392.38
913,11,376.17
913,12,360.28
914,1,136.14
914,2,420.49
914,3,318.03
914,4,339.79
914,5,322.1
914,6,342.23
914,7,362.27
914,8,326.76
914,9,271.62
914,10,363.86
914,11,120.92
914,12,322.74
915,1,121.31
915,2,132.97
915,3,122.39
915,4,151.72
915,5,160.55
915,6,124.61
915,7,111.64
915,8,157.35
915,9,141.54
915,10,125.0
915,11,177.27
915,12,119.05
916,1,296.14
916,2,278.54
916,3,233.31
916,4,292.2
916,5,286.17
916,6,223.46
916,7,284.08
916,8,242.98
916,9,286.91
916,10,246.86
916,11,241.0
916,12,244.09
917,1,332.16
917,2,393.19
917,3,343.28
917,4,292.2
917,5,376.58
917,6,278.96
917,7,329.64
917,8,432.67
917,9,391.8
917,10,389.32
917,11,326.44
917,12,354.4
918,1,543.44
918,2,151.86
918,3,507.2
918,4,465.11
918,5,512.82
918,6,485.78
918,7,461.18
918,8,460.77
918,9,460.24
918,10,508.41
918,11,477.93
918,12,447.8
919,1,366.81
919,2,315.47
919,3,286.41
919,4,323.07
919,5,332.2
919,6,310.98
919,7,309.14
919,8,313.41
919,9,308.31
919,10,315.93
919,11,361.83
919,12,246.0
920,1,331.94
920,2,292.33
920,3,374.44
920,4,379.12
920,5,310.94
920,6,394.25
920,7,345.2
920,8,328.52
920,9,326.55
920,10,387.14
920,11,303.29
920,12,323.73
921,1,297.53
921,2,307.28
921,3,262.9
921,4,229.88
921,5,280.42
921,6,279.93
921,7,285.18
921,8,285.35
921,9,272.04
921,10,270.87
921,11,295.93
921,12,262.28
922,1,197.19
922,2,252.23
922,3,191.59
922,4,221.41
922,5,222.8
922,6,254.94
922,7,253.88
922,8,214.27
922,9,201.74
922,10,196.09
922,11,208.77
922,12,202.98
923,1,169.32
923,2,76.63
923,3,179.78
923,4,235.7
923,5,157.77
923,6,150.09
923,7,144.16
923,8,174.67
923,9,148.88
923,10,177.43
923,11,209.67
923,12,183.23
924,1,429.28
924,2,461.73
924,3,369.63
924,4,438.01
924,5,458.77
924,6,393.66
924,7,412.98
924,8,449.17
924,9,457.46
924,10,480.12
924,11,414.41
924,12,407.53
925,1,308.14
925,2,316.99
925,3,318.27
925,4,298.67
925,5,339.11
925,6,395.84
925,7,308.02
925,8,394.92
925,9,347.24
925,10,338.21
925,11,331.34
925,12,316.82
926,1,395.45
926,2,382.04
926,3,310.5
926,4,371.66
926,5,392.68
926,6,341.92
926,7,359.63
926,8,384.8
926,9,385.06
926,10,406.83
926,11,386.69
926,12,405.73
927,1,335.93
927,2,119.34
927,3,336.67
927,4,394.81
927,5,354.15
927,6,384.36
927,7,358.15
927,8,119.52
927,9,337.86
927,10,123.32
927,11,384.9
927,12,339.16
928,1,406.73
928,2,363.74
928,3,388.5
928,4,409.66
928,5,346.22
928,6,344.33
928,7,382.26
928,8,336.95
928,9,133.85
928,10,409.24
928,11,414.47
928,12,338.6
929,1,142.78
929,2,35.89
929,3,197.97
929,4,178.82
929,5,228.53
929,6,178.76
929,7,160.04
929,8,168.58
929,9,147.41
929,10,79.93
929,11,201.75
929,12,113.51
930,1,434.55
930,2,460.34
930,3,450.06
930,4,428.09
930,5,440.79
930,6,485.8
930,7,451.13
930,8,418.19
930,9,465.34
930,10,438.74
930,11,398.12
930,12,142.91
931,1,186.64
931,2,285.14
931,3,267.52
931,4,234.27
931,5,209.75
931,6,220.28
931,7,241.87
931,8,65.61
931,9,234.57
931,10,283.3
931,11,262.71
931,12,199.88
932,1,223.52
932,2,217.45
932,3,218.71
932,4,243.25
932,5,236.02
932,6,224.06
932,7,270.29
932,8,136.0
932,9,240.3
932,10,246.53
932,11,58.75
932,12,223.05
933,1,442.32
933,2,549.11
933,3,508.15
933,4,511.39
933,5,460.12
933,6,488.39
933,7,483.56
933,8,509.46
933,9,526.79
933,10,442.97
933,11,453.76
933,12,505.37
934,1,93.55
934,2,102.26
934,3,166.44
934,4,101.15
934,5,123.04
934,6,97.39
934,7,145.28
934,8,103.84
934,9,117.07
934,10,69.5
934,11,71.6
934,12,120.23
935,1,226.94
935,2,196.34
935,3,233.34
935,4,178.27
935,5,202.73
935,6,157.45
935,7,51.64
935,8,216.46
935,9,219.22
935,10,217.75
935,11,200.27
935,12,158.67
936,1,504.43
936,2,518.51
936,3,468.47
936,4,516.32
936,5,516.27
936,6,477.54
936,7,527.0
936,8,456.35
936,9,416.34
936,10,428.37
936,11,454.97
936,12,491.03
937,1,83.11
937,2,65.02
937,3,114.86
937,4,58.32
937,5,120.11
937,6,120.84
937,7,52.16
937,8,148.49
937,9,117.41
937,10,124.49
937,11,79.24
937,12,120.67
938,1,187.6
938,2,122.0
938,3,109.34
938,4,80.02
938,5,110.57
938,6,134.16
938,7,73.41
938,8,92.38
938,9,106.98
938,10,97.74
938,11,95.26
938,12,154.74
939,1,36.23
939,2,143.7
939,3,99.81
939,4,114.44
939,5,179.58
939,6,176.24
939,7,145.33
939,8,155.94
939,9,159.97
939,10,167.81
939,11,164.6
939,12,113.9
940,1,491.71
940,2,513.17
940,3,465.59
940,4,472.29
940,5,507.02
940,6,441.05
940,7,490.98
940,8,468.07
940,9,461.75
940,10,442.85
940,11,515.17
940,12,496.76
941,1,491.74
941,2,491.52
941,3,521.19
941,4,172.4
941,5,507.57
941,6,403.98
941,7,503.99
941,8,445.33
941,9,514.39
941,10,539.23
941,11,467.21
941,12,487.15
942,1,371.47
942,2,443.18
942,3,469.55
942,4,411.24
942,5,455.08
942,6,462.85
942,7,398.37
942,8,409.44
942,9,383.58
942,10,385.51
942,11,192.09
942,12,358.93
943,1,342.84
943,2,259.59
943,3,239.39
943,4,249.71
943,5,243.64
943,6,287.45
943,7,253.29
943,8,304.27
943,9,53.75
943,10,248.45
943,11,229.1
943,12,244.5
944,1,163.69
944,2,188.19
944,3,128.17
944,4,218.33
944,5,147.98
944,6,53.27
944,7,218.79
944,8,141.72
944,9,193.69
944,10,156.57
944,11,137.74
944,12,151.49
945,1,410.47
945,2,502.16
945,3,167.43
945,4,457.56
945,5,496.69
945,6,203.9
945,7,401.01
945,8,434.19
945,9,508.88
945,10,412.27
945,11,456.99
945,12,458.02
946,1,294.21
946,2,358.46
946,3,328.88
946,4,344.95
946,5,308.36
946,6,349.47
946,7,307.34
946,8,293.25
946,9,373.16
946,10,64.74
946,11,409.7
946,12,341.05
947,1,508.73
947,2,459.11
947,3,234.5
947,4,500.36
947,5,421.55
947,6,479.54
947,7,508.86
947,8,449.18
947,9,434.3
947,10,480.84
947,11,470.0
947,12,456.18
948,1,427.62
948,2,367.34
948,3,329.65
948,4,388.53
948,5,387.45
948,6,382.16
948,7,394.99
948,8,420.45
948,9,403.99
948,10,394.94
948,11,401.62
948,12,386.54
949,1,360.04
949,2,321.21
949,3,339.14
949,4,333.73
949,5,367.99
949,6,297.7
949,7,268.5
949,8,330.6
949,9,351.06
949,10,341.57
949,11,373.97
949,12,350.12
950,1,395.32
950,2,330.01
950,3,350.19
950,4,368.59
950,5,424.92
950,6,351.01
950,7,354.94
950,8,409.41
950,9,382.89
950,10,428.48
950,11,395.8
950,12,358.62
951,1,91.36
951,2,99.77
951,3,90.13
951,4,93.93
951,5,70.86
951,6,110.88
951,7,117.64
951,8,61.08
951,9,83.11
951,10,101.9
951,11,83.04
951,12,94.32
952,1,129.2
952,2,200.93
952,3,112.62
952,4,131.64
952,5,128.38
952,6,132.58
952,7,130.06
952,8,148.38
952,9,88.69
952,10,171.12
952,11,158.98
952,12,102.71
953,1,212.19
953,2,281.62
953,3,228.89
953,4,204.16
953,5,221.4
953,6,170.89
953,7,214.79
953,8,184.57
953,9,161.57
953,10,276.6
953,11,216.19
953,12,193.85
954,1,478.29
954,2,492.33
954,3,504.69
954,4,521.55
954,5,463.47
954,6,446.73
954,7,426.23
954,8,476.05
954,9,488.05
954,10,422.55
954,11,497.34
954,12,138.14
955,1,298.6
955,2,350.05
955,3,340.93
955,4,260.76
955,5,268.75
955,6,349.92
955,7,312.55
955,8,293.28
955,9,289.93
955,10,305.82
955,11,306.2
955,12,283.01
956,1,145.54
956,2,139.72
956,3,139.62
956,4,129.79
956,5,176.53
956,6,117.32
956,7,133.32
956,8,72.47
956,9,91.25
956,10,79.98
956,11,71.99
956,12,39.42
957,1,151.8
957,2,165.03
957,3,225.39
957,4,59.54
957,5,204.55
957,6,166.54
957,7,128.59
957,8,140.3
957,9,175.89
957,10,179.23
957,11,192.28
957,12,192.29
958,1,191.89
958,2,257.01
958,3,227.22
958,4,165.74
958,5,236.65
958,6,202.53
958,7,212.32
958,8,221.25
958,9,197.21
958,10,275.09
958,11,176.2
958,12,222.7
959,1,457.02
959,2,129.29
959,3,466.1
959,4,444.75
959,5,492.1
959,6,443.68
959,7,496.7
959,8,553.11
959,9,446.12
959,10,477.46
959,11,410.3
959,12,476.97
960,1,141.26
960,2,175.75
960,3,166.97
960,4,182.48
960,5,160.97
960,6,191.24
960,7,154.99
960,8,189.91
960,9,144.8
960,10,153.67
960,11,193.92
960,12,156.57
961,1,173.88
961,2,128.85
961,3,164.67
961,4,149.21
961,5,114.48
961,6,140.39
961,7,77.28
961,8,120.68
961,9,95.67
961,10,202.93
961,11,24.29
961,12,220.57
962,1,102.96
962,2,101.77
962,3,95.65
962,4,137.63
962,5,94.6
962,6,139.4
962,7,114.57
962,8,98.36
962,9,132.55
962,10,92.18
962,11,133.15
962,12,120.38
963,1,335.18
963,2,312.58
963,3,286.66
963,4,323.54
963,5,102.33
963,6,317.57
963,7,291.56
963,8,303.99
963,9,322.51
963,10,309.94
963,11,305.77
963,12,357.82
964,1,70.7
964,2,156.95
964,3,98.83
964,4,159.76
964,5,42.29
964,6,107.44
964,7,80.21
964,8,159.6
964,9,169.37
964,10,48.68
964,11,144.98
964,12,151.06
965,1,430.66
965,2,416.44
965,3,455.02
965,4,136.94
965,5,443.0
965,6,409.91
965,7,403.34
965,8,435.33
965,9,404.62
965,10,422.46
965,11,414.0
965,12,426.19
966,1,283.65
966,2,208.71
966,3,257.1
966,4,215.51
966,5,226.88
966,6,194.05
966,7,214.97
966,8,214.79
966,9,211.04
966,10,257.66
966,11,199.01
966,12,260.96
967,1,71.46
967,2,207.37
967,3,272.62
967,4,243.68
967,5,223.75
967,6,241.43
967,7,292.09
967,8,253.61
967,9,210.04
967,10,230.44
967,11,234.94
967,12,250.96
968,1,368.09
968,2,416.36
968,3,370.05
968,4,400.71
968,5,390.44
968,6,390.7
968,7,430.09
968,8,435.71
968,9,403.82
968,10,425.17
968,11,402.33
968,12,440.03
969,1,291.35
969,2,232.94
969,3,272.27
969,4,255.87
969,5,201.94
969,6,223.44
969,7,246.5
969,8,284.37
969,9,264.91
969,10,215.97
969,11,246.79
969,12,311.53
970,1,270.56
970,2,355.85
970,3,328.43
970,4,301.97
970,5,326.89
970,6,275.51
970,7,319.27
970,8,312.51
970,9,325.52
970,10,355.25
970,11,349.45
970,12,264.33
971,1,257.57
971,2,270.08
971,3,230.31
971,4,296.04
971,5,267.1
971,6,240.99
971,7,281.09
971,8,327.84
971,9,272.44
971,10,275.18
971,11,326.67
971,12,282.85
972,1,328.71
972,2,332.23
972,3,302.65
972,4,359.7
972,5,295.32
972,6,296.74
972,7,341.02
972,8,378.09
972,9,319.42
972,10,351.03
972,11,362.2
972,12,354.44
973,1,150.67
973,2,138.73
973,3,143.27
973,4,127.59
973,5,170.1
973,6,191.1
973,7,45.37
973,8,150.5
973,9,58.26
973,10,165.64
973,11,160.73
973,12,136.63
974,1,385.89
974,2,401.53
974,3,394.26
974,4,432.7
974,5,423.44
974,6,338.71
974,7,460.09
974,8,394.35
974,9,454.67
974,10,424.48
974,11,410.45
974,12,400.18
975,1,106.38
975,2,139.85
975,3,120.38
975,4,177.52
975,5,166.02
975,6,175.09
975,7,162.86
975,8,124.17
975,9,181.41
975,10,223.67
975,11,178.28
975,12,153.22
976,1,385.37
976,2,298.53
976,3,322.69
976,4,349.49
976,5,357.12
976,6,409.97
976,7,350.23
976,8,342.51
976,9,311.86
976,10,298.44
976,11,341.99
976,12,407.72
977,1,388.0
977,2,405.34
977,3,395.91
977,4,381.77
977,5,436.78
977,6,414.26
977,7,466.91
977,8,422.77
977,9,450.66
977,10,390.14
977,11,389.76
977,12,478.63
978,1,326.88
978,2,335.83
978,3,339.56
978,4,341.82
978,5,354.75
978,6,332.82
978,7,366.3
978,8,351.38
978,9,319.79
978,10,378.05
978,11,297.25
978,12,335.24
979,1,196.32
979,2,193.58
979,3,178.83
979,4,239.67
979,5,167.78
979,6,120.23
979,7,190.58
979,8,222.68
979,9,195.61
979,10,176.3
979,11,194.21
979,12,242.17
980,1,178.42
980,2,228.5
980,3,79.79
980,4,166.57
980,5,189.73
980,6,149.69
980,7,215.1
980,8,152.55
980,9,176.32
980,10,261.17
980,11,150.72
980,12,229.17
981,1,325.83
981,2,385.39
981,3,305.58
981,4,361.32
981,5,397.36
981,6,76.16
981,7,318.79
981,8,368.39
981,9,345.86
981,10,382.89
981,11,337.44
981,12,340.82
982,1,385.72
982,2,386.15
982,3,417.89
982,4,338.26
982,5,339.69
982,6,358.24
982,7,308.72
982,8,95.77
982,9,353.13
982,10,382.75
982,11,387.85
982,12,369.72
983,1,286.18
983,2,293.89
983,3,286.97
983,4,306.81
983,5,316.14
983,6,307.6
983,7,359.99
983,8,338.33
983,9,290.51
983,10,323.77
983,11,140.02
983,12,302.15
984,1,156.71
984,2,125.21
984,3,141.69
984,4,94.83
984,5,101.41
984,6,82.1
984,7,78.6
984,8,43.25
984,9,88.95
984,10,166.62
984,11,125.28
984,12,156.5
985,1,51.77
985,2,180.46
985,3,112.3
985,4,101.93
985,5,201.8
985,6,94.15
985,7,178.82
985,8,163.79
985,9,205.94
985,10,167.94
985,11,223.07
985,12,162.88
986,1,471.84
986,2,448.81
986,3,489.42
986,4,476.08
986,5,450.51
986,6,527.83
986,7,478.72
986,8,464.52
986,9,182.94
986,10,525.56
986,11,504.34
986,12,472.13
987,1,150.74
987,2,47.02
987,3,172.86
987,4,159.12
987,5,76.6
987,6,141.81
987,7,103.19
987,8,114.06
987,9,135.06
987,10,131.4
987,11,99.81
987,12,99.68
988,1,479.29
988,2,420.96
988,3,510.41
988,4,440.05
988,5,475.33
988,6,540.31
988,7,109.82
988,8,520.3
988,9,498.4
988,10,457.73
988,11,509.88
988,12,486.1
989,1,312.98
989,2,361.38
989,3,325.51
989,4,371.1
989,5,366.89
989,6,347.99
989,7,372.13
989,8,326.68
989,9,366.51
989,10,86.93
989,11,333.96
989,12,330.11
990,1,177.81
990,2,141.63
990,3,159.53
990,4,95.63
990,5,154.48
990,6,84.66
990,7,105.55
990,8,141.9
990,9,125.72
990,10,134.82
990,11,191.82
990,12,134.35
991,1,207.15
991,2,216.71
991,3,209.14
991,4,176.8
991,5,202.6
991,6,216.07
991,7,255.86
991,8,285.07
991,9,259.06
991,10,195.74
991,11,198.13
991,12,214.22
992,1,481.1
992,2,462.44
992,3,460.26
992,4,527.41
992,5,502.88
992,6,459.22
992,7,485.57
992,8,411.24
992,9,442.05
992,10,459.49
992,11,458.76
992,12,518.39
993,1,247.87
993,2,428.4
993,3,457.23
993,4,468.12
993,5,495.36
993,6,445.38
993,7,433.82
993,8,455.19
993,9,488.52
993,10,444.89
993,11,421.35
993,12,403.78
994,1,218.15
994,2,232.88
994,3,187.08
994,4,193.7
994,5,217.4
994,6,150.34
994,7,217.97
994,8,170.25
994,9,232.25
994,10,268.43
994,11,183.08
994,12,163.51
995,1,170.41
995,2,198.38
995,3,171.12
995,4,167.75
995,5,197.88
995,6,180.8
995,7,49.83
995,8,178.96
995,9,219.84
995,10,200.96
995,11,223.54
995,12,156.06
996,1,212.24
996,2,200.2
996,3,245.6
996,4,232.69
996,5,230.13
996,6,278.27
996,7,252.47
996,8,220.1
996,9,223.27
996,10,220.92
996,11,262.24
996,12,226.76
997,1,491.92
997,2,432.41
997,3,504.63
997,4,482.86
997,5,486.67
997,6,443.13
997,7,492.71
997,8,418.28
997,9,444.55
997,10,508.0
997,11,491.26
997,12,478.75
998,1,288.03
998,2,357.64
998,3,305.63
998,4,326.61
998,5,296.49
998,6,277.17
998,7,340.39
998,8,324.37
998,9,320.12
998,10,304.65
998,11,323.55
998,12,350.99
999,1,288.89
999,2,291.97
999,3,268.39
999,4,327.71
999,5,264.13
999,6,291.92
999,7,304.79
999,8,336.6
999,9,295.68
999,10,324.08
999,11,317.02
999,12,299.7
1000,1,385.69
1000,2,395.07
1000,3,446.81
1000,4,418.22
1000,5,382.76
1000,6,83.77
1000,7,360.6
1000,8,392.36
1000,9,370.4
1000,10,412.56
1000,11,393.33
1000,12,407.5
